0,Q: ¿Es 'ladrillo rojo lego' más pesado que 'martillo'? A: No
1,Q: ¿Es 'ladrillo rojo lego' más pesado que 'tazón'? A: No
2,Q: ¿Es 'ladrillo rojo lego' más pesado que 'juguete de elefante grande'? A: No
3,Q: ¿Es 'ladrillo rojo lego' más pesado que 'secador de pelo'? A: No
4,Q: ¿Es 'ladrillo rojo lego' más pesado que 'reloj de dali'? A: No
5,Q: ¿Es 'ladrillo rojo lego' más pesado que 'paraguas'? A: No
6,Q: ¿Es 'ladrillo rojo lego' más pesado que 'almohada'? A: No
7,Q: ¿Es 'ladrillo de lego rojo' más pesado que 'teclado'? A: No
8,Q: ¿Es 'ladrillo rojo lego' más pesado que 'tostadora'? A: No
9,Q: ¿Es 'ladrillo rojo lego' más pesado que 'perforar'? A: No
10,Q: ¿Es 'ladrillo de lego verde' más pesado que 'martillo'? A: No
11,Q: ¿Es 'ladrillo de lego verde' más pesado que 'tazón'? A: No
12,Q: ¿Es 'ladrillo de lego verde' más pesado que 'juguete de elefante grande'? A: No
13,Q: ¿Es 'ladrillo de lego verde' más pesado que 'secador de pelo'? A: No
14,Q: ¿Es 'ladrillo de lego verde' más pesado que 'reloj de dali'? A: No
15,Q: ¿Es 'ladrillo de lego verde' más pesado que 'paraguas'? A: No
16,Q: ¿Es 'ladrillo de lego verde' más pesado que 'almohada'? A: No
17,Q: ¿Es 'ladrillo de lego verde' más pesado que 'teclado'? A: No
18,Q: ¿Es 'ladrillo de lego verde' más pesado que 'tostadora'? A: No
19,Q: ¿Es 'ladrillo de lego verde' más pesado que 'perforar'? A: No
20,Q: ¿Es 'maquinilla' más pesado que 'tazón'? A: No
21,Q: ¿Es 'maquinilla' más pesado que 'juguete de elefante grande'? A: No
22,Q: ¿Es 'maquinilla' más pesado que 'secador de pelo'? A: No
23,Q: ¿Es 'maquinilla' más pesado que 'reloj de dali'? A: No
24,Q: ¿Es 'maquinilla' más pesado que 'paraguas'? A: No
25,Q: ¿Es 'maquinilla' más pesado que 'almohada'? A: No
26,Q: ¿Es 'maquinilla' más pesado que 'teclado'? A: No
27,Q: ¿Es 'maquinilla' más pesado que 'tostadora'? A: No
28,Q: ¿Es 'maquinilla' más pesado que 'perforar'? A: No
29,Q: ¿Es 'rascador de espalda' más pesado que 'tazón'? A: No
30,Q: ¿Es 'rascador de espalda' más pesado que 'juguete de elefante grande'? A: No
31,Q: ¿Es 'rascador de espalda' más pesado que 'secador de pelo'? A: No
32,Q: ¿Es 'rascador de espalda' más pesado que 'reloj de dali'? A: No
33,Q: ¿Es 'rascador de espalda' más pesado que 'paraguas'? A: No
34,Q: ¿Es 'rascador de espalda' más pesado que 'almohada'? A: No
35,Q: ¿Es 'rascador de espalda' más pesado que 'teclado'? A: No
36,Q: ¿Es 'rascador de espalda' más pesado que 'tostadora'? A: No
37,Q: ¿Es 'rascador de espalda' más pesado que 'perforar'? A: No
38,Q: ¿Es 'pequeña grapadora' más pesado que 'tazón'? A: No
39,Q: ¿Es 'pequeña grapadora' más pesado que 'juguete de elefante grande'? A: No
40,Q: ¿Es 'pequeña grapadora' más pesado que 'secador de pelo'? A: No
41,Q: ¿Es 'pequeña grapadora' más pesado que 'reloj de dali'? A: No
42,Q: ¿Es 'pequeña grapadora' más pesado que 'paraguas'? A: No
43,Q: ¿Es 'pequeña grapadora' más pesado que 'almohada'? A: No
44,Q: ¿Es 'pequeña grapadora' más pesado que 'teclado'? A: No
45,Q: ¿Es 'pequeña grapadora' más pesado que 'tostadora'? A: No
46,Q: ¿Es 'pequeña grapadora' más pesado que 'perforar'? A: No
47,Q: ¿Es 'presentación remota' más pesado que 'tazón'? A: No
48,Q: ¿Es 'presentación remota' más pesado que 'juguete de elefante grande'? A: No
49,Q: ¿Es 'presentación remota' más pesado que 'secador de pelo'? A: No
50,Q: ¿Es 'presentación remota' más pesado que 'reloj de dali'? A: No
51,Q: ¿Es 'presentación remota' más pesado que 'paraguas'? A: No
52,Q: ¿Es 'presentación remota' más pesado que 'almohada'? A: No
53,Q: ¿Es 'presentación remota' más pesado que 'teclado'? A: No
54,Q: ¿Es 'presentación remota' más pesado que 'tostadora'? A: No
55,Q: ¿Es 'presentación remota' más pesado que 'perforar'? A: No
56,Q: ¿Es 'vía de tren de madera' más pesado que 'tazón'? A: No
57,Q: ¿Es 'vía de tren de madera' más pesado que 'juguete de elefante grande'? A: No
58,Q: ¿Es 'vía de tren de madera' más pesado que 'secador de pelo'? A: No
59,Q: ¿Es 'vía de tren de madera' más pesado que 'reloj de dali'? A: No
60,Q: ¿Es 'vía de tren de madera' más pesado que 'paraguas'? A: No
61,Q: ¿Es 'vía de tren de madera' más pesado que 'almohada'? A: No
62,Q: ¿Es 'vía de tren de madera' más pesado que 'teclado'? A: No
63,Q: ¿Es 'vía de tren de madera' más pesado que 'tostadora'? A: No
64,Q: ¿Es 'vía de tren de madera' más pesado que 'perforar'? A: No
65,Q: ¿Es 'cuchara de madera' más pesado que 'tazón'? A: No
66,Q: ¿Es 'cuchara de madera' más pesado que 'juguete de elefante grande'? A: No
67,Q: ¿Es 'cuchara de madera' más pesado que 'secador de pelo'? A: No
68,Q: ¿Es 'cuchara de madera' más pesado que 'reloj de dali'? A: No
69,Q: ¿Es 'cuchara de madera' más pesado que 'paraguas'? A: No
70,Q: ¿Es 'cuchara de madera' más pesado que 'almohada'? A: No
71,Q: ¿Es 'cuchara de madera' más pesado que 'teclado'? A: No
72,Q: ¿Es 'cuchara de madera' más pesado que 'tostadora'? A: No
73,Q: ¿Es 'cuchara de madera' más pesado que 'perforar'? A: No
74,Q: ¿Es 'clip de chip' más pesado que 'tazón'? A: No
75,Q: ¿Es 'clip de chip' más pesado que 'juguete de elefante grande'? A: No
76,Q: ¿Es 'clip de chip' más pesado que 'secador de pelo'? A: No
77,Q: ¿Es 'clip de chip' más pesado que 'reloj de dali'? A: No
78,Q: ¿Es 'clip de chip' más pesado que 'paraguas'? A: No
79,Q: ¿Es 'clip de chip' más pesado que 'almohada'? A: No
80,Q: ¿Es 'clip de chip' más pesado que 'teclado'? A: No
81,Q: ¿Es 'clip de chip' más pesado que 'tostadora'? A: No
82,Q: ¿Es 'clip de chip' más pesado que 'perforar'? A: No
83,Q: ¿Es 'paquete de cuerda' más pesado que 'tazón'? A: No
84,Q: ¿Es 'paquete de cuerda' más pesado que 'juguete de elefante grande'? A: No
85,Q: ¿Es 'paquete de cuerda' más pesado que 'secador de pelo'? A: No
86,Q: ¿Es 'paquete de cuerda' más pesado que 'reloj de dali'? A: No
87,Q: ¿Es 'paquete de cuerda' más pesado que 'paraguas'? A: No
88,Q: ¿Es 'paquete de cuerda' más pesado que 'almohada'? A: No
89,Q: ¿Es 'paquete de cuerda' más pesado que 'teclado'? A: No
90,Q: ¿Es 'paquete de cuerda' más pesado que 'tostadora'? A: No
91,Q: ¿Es 'paquete de cuerda' más pesado que 'perforar'? A: No
92,Q: ¿Es 'cartón de google' más pesado que 'tazón'? A: No
93,Q: ¿Es 'cartón de google' más pesado que 'juguete de elefante grande'? A: No
94,Q: ¿Es 'cartón de google' más pesado que 'secador de pelo'? A: No
95,Q: ¿Es 'cartón de google' más pesado que 'reloj de dali'? A: No
96,Q: ¿Es 'cartón de google' más pesado que 'paraguas'? A: No
97,Q: ¿Es 'cartón de google' más pesado que 'almohada'? A: No
98,Q: ¿Es 'cartón de google' más pesado que 'teclado'? A: No
99,Q: ¿Es 'cartón de google' más pesado que 'tostadora'? A: No
100,Q: ¿Es 'cartón de google' más pesado que 'perforar'? A: No
101,Q: ¿Es 'zapatilla' más pesado que 'tazón'? A: No
102,Q: ¿Es 'zapatilla' más pesado que 'juguete de elefante grande'? A: No
103,Q: ¿Es 'zapatilla' más pesado que 'secador de pelo'? A: No
104,Q: ¿Es 'zapatilla' más pesado que 'reloj de dali'? A: No
105,Q: ¿Es 'zapatilla' más pesado que 'paraguas'? A: No
106,Q: ¿Es 'zapatilla' más pesado que 'almohada'? A: No
107,Q: ¿Es 'zapatilla' más pesado que 'teclado'? A: No
108,Q: ¿Es 'zapatilla' más pesado que 'tostadora'? A: No
109,Q: ¿Es 'zapatilla' más pesado que 'perforar'? A: No
110,Q: ¿Es '15 rompecabezas' más pesado que 'tazón'? A: No
111,Q: ¿Es '15 rompecabezas' más pesado que 'juguete de elefante grande'? A: No
112,Q: ¿Es '15 rompecabezas' más pesado que 'secador de pelo'? A: No
113,Q: ¿Es '15 rompecabezas' más pesado que 'reloj de dali'? A: No
114,Q: ¿Es '15 rompecabezas' más pesado que 'paraguas'? A: No
115,Q: ¿Es '15 rompecabezas' más pesado que 'almohada'? A: No
116,Q: ¿Es '15 rompecabezas' más pesado que 'teclado'? A: No
117,Q: ¿Es '15 rompecabezas' más pesado que 'tostadora'? A: No
118,Q: ¿Es '15 rompecabezas' más pesado que 'perforar'? A: No
119,Q: ¿Es 'encendedor' más pesado que 'tazón'? A: No
120,Q: ¿Es 'encendedor' más pesado que 'juguete de elefante grande'? A: No
121,Q: ¿Es 'encendedor' más pesado que 'secador de pelo'? A: No
122,Q: ¿Es 'encendedor' más pesado que 'reloj de dali'? A: No
123,Q: ¿Es 'encendedor' más pesado que 'paraguas'? A: No
124,Q: ¿Es 'encendedor' más pesado que 'almohada'? A: No
125,Q: ¿Es 'encendedor' más pesado que 'teclado'? A: No
126,Q: ¿Es 'encendedor' más pesado que 'tostadora'? A: No
127,Q: ¿Es 'encendedor' más pesado que 'perforar'? A: No
128,Q: ¿Es 'enroscarse' más pesado que 'tazón'? A: No
129,Q: ¿Es 'enroscarse' más pesado que 'juguete de elefante grande'? A: No
130,Q: ¿Es 'enroscarse' más pesado que 'secador de pelo'? A: No
131,Q: ¿Es 'enroscarse' más pesado que 'reloj de dali'? A: No
132,Q: ¿Es 'enroscarse' más pesado que 'paraguas'? A: No
133,Q: ¿Es 'enroscarse' más pesado que 'almohada'? A: No
134,Q: ¿Es 'enroscarse' más pesado que 'teclado'? A: No
135,Q: ¿Es 'enroscarse' más pesado que 'tostadora'? A: No
136,Q: ¿Es 'enroscarse' más pesado que 'perforar'? A: No
137,Q: ¿Es 'sombrero' más pesado que 'tazón'? A: No
138,Q: ¿Es 'sombrero' más pesado que 'juguete de elefante grande'? A: No
139,Q: ¿Es 'sombrero' más pesado que 'secador de pelo'? A: No
140,Q: ¿Es 'sombrero' más pesado que 'reloj de dali'? A: No
141,Q: ¿Es 'sombrero' más pesado que 'paraguas'? A: No
142,Q: ¿Es 'sombrero' más pesado que 'almohada'? A: No
143,Q: ¿Es 'sombrero' más pesado que 'teclado'? A: No
144,Q: ¿Es 'sombrero' más pesado que 'tostadora'? A: No
145,Q: ¿Es 'sombrero' más pesado que 'perforar'? A: No
146,Q: ¿Es 'cuchillo de cocina' más pesado que 'tazón'? A: No
147,Q: ¿Es 'cuchillo de cocina' más pesado que 'juguete de elefante grande'? A: No
148,Q: ¿Es 'cuchillo de cocina' más pesado que 'secador de pelo'? A: No
149,Q: ¿Es 'cuchillo de cocina' más pesado que 'reloj de dali'? A: No
150,Q: ¿Es 'cuchillo de cocina' más pesado que 'paraguas'? A: No
151,Q: ¿Es 'cuchillo de cocina' más pesado que 'almohada'? A: No
152,Q: ¿Es 'cuchillo de cocina' más pesado que 'teclado'? A: No
153,Q: ¿Es 'cuchillo de cocina' más pesado que 'tostadora'? A: No
154,Q: ¿Es 'cuchillo de cocina' más pesado que 'perforar'? A: No
155,Q: ¿Es 'destornillador' más pesado que 'tazón'? A: No
156,Q: ¿Es 'destornillador' más pesado que 'juguete de elefante grande'? A: No
157,Q: ¿Es 'destornillador' más pesado que 'secador de pelo'? A: No
158,Q: ¿Es 'destornillador' más pesado que 'reloj de dali'? A: No
159,Q: ¿Es 'destornillador' más pesado que 'paraguas'? A: No
160,Q: ¿Es 'destornillador' más pesado que 'almohada'? A: No
161,Q: ¿Es 'destornillador' más pesado que 'teclado'? A: No
162,Q: ¿Es 'destornillador' más pesado que 'tostadora'? A: No
163,Q: ¿Es 'destornillador' más pesado que 'perforar'? A: No
164,Q: ¿Es 'barra de jabón' más pesado que 'tazón'? A: No
165,Q: ¿Es 'barra de jabón' más pesado que 'juguete de elefante grande'? A: No
166,Q: ¿Es 'barra de jabón' más pesado que 'secador de pelo'? A: No
167,Q: ¿Es 'barra de jabón' más pesado que 'reloj de dali'? A: No
168,Q: ¿Es 'barra de jabón' más pesado que 'paraguas'? A: No
169,Q: ¿Es 'barra de jabón' más pesado que 'almohada'? A: No
170,Q: ¿Es 'barra de jabón' más pesado que 'teclado'? A: No
171,Q: ¿Es 'barra de jabón' más pesado que 'tostadora'? A: No
172,Q: ¿Es 'barra de jabón' más pesado que 'perforar'? A: No
173,Q: ¿Es 'ver maestro' más pesado que 'juguete de elefante grande'? A: No
174,Q: ¿Es 'ver maestro' más pesado que 'secador de pelo'? A: No
175,Q: ¿Es 'ver maestro' más pesado que 'reloj de dali'? A: No
176,Q: ¿Es 'ver maestro' más pesado que 'paraguas'? A: No
177,Q: ¿Es 'ver maestro' más pesado que 'almohada'? A: No
178,Q: ¿Es 'ver maestro' más pesado que 'teclado'? A: No
179,Q: ¿Es 'ver maestro' más pesado que 'tostadora'? A: No
180,Q: ¿Es 'ver maestro' más pesado que 'perforar'? A: No
181,Q: ¿Es 'caja de jabón' más pesado que 'juguete de elefante grande'? A: No
182,Q: ¿Es 'caja de jabón' más pesado que 'secador de pelo'? A: No
183,Q: ¿Es 'caja de jabón' más pesado que 'reloj de dali'? A: No
184,Q: ¿Es 'caja de jabón' más pesado que 'paraguas'? A: No
185,Q: ¿Es 'caja de jabón' más pesado que 'almohada'? A: No
186,Q: ¿Es 'caja de jabón' más pesado que 'teclado'? A: No
187,Q: ¿Es 'caja de jabón' más pesado que 'tostadora'? A: No
188,Q: ¿Es 'caja de jabón' más pesado que 'perforar'? A: No
189,Q: ¿Es 'cepillo de botella' más pesado que 'juguete de elefante grande'? A: No
190,Q: ¿Es 'cepillo de botella' más pesado que 'secador de pelo'? A: No
191,Q: ¿Es 'cepillo de botella' más pesado que 'reloj de dali'? A: No
192,Q: ¿Es 'cepillo de botella' más pesado que 'paraguas'? A: No
193,Q: ¿Es 'cepillo de botella' más pesado que 'almohada'? A: No
194,Q: ¿Es 'cepillo de botella' más pesado que 'teclado'? A: No
195,Q: ¿Es 'cepillo de botella' más pesado que 'tostadora'? A: No
196,Q: ¿Es 'cepillo de botella' más pesado que 'perforar'? A: No
197,Q: ¿Es 'teléfono de ivan' más pesado que 'secador de pelo'? A: No
198,Q: ¿Es 'teléfono de ivan' más pesado que 'reloj de dali'? A: No
199,Q: ¿Es 'teléfono de ivan' más pesado que 'paraguas'? A: No
200,Q: ¿Es 'teléfono de ivan' más pesado que 'almohada'? A: No
201,Q: ¿Es 'teléfono de ivan' más pesado que 'teclado'? A: No
202,Q: ¿Es 'teléfono de ivan' más pesado que 'tostadora'? A: No
203,Q: ¿Es 'teléfono de ivan' más pesado que 'perforar'? A: No
204,Q: ¿Es 'ollie el mono' más pesado que 'secador de pelo'? A: No
205,Q: ¿Es 'ollie el mono' más pesado que 'reloj de dali'? A: No
206,Q: ¿Es 'ollie el mono' más pesado que 'paraguas'? A: No
207,Q: ¿Es 'ollie el mono' más pesado que 'almohada'? A: No
208,Q: ¿Es 'ollie el mono' más pesado que 'teclado'? A: No
209,Q: ¿Es 'ollie el mono' más pesado que 'tostadora'? A: No
210,Q: ¿Es 'ollie el mono' más pesado que 'perforar'? A: No
211,Q: ¿Es 'ratón' más pesado que 'secador de pelo'? A: No
212,Q: ¿Es 'ratón' más pesado que 'reloj de dali'? A: No
213,Q: ¿Es 'ratón' más pesado que 'paraguas'? A: No
214,Q: ¿Es 'ratón' más pesado que 'almohada'? A: No
215,Q: ¿Es 'ratón' más pesado que 'teclado'? A: No
216,Q: ¿Es 'ratón' más pesado que 'tostadora'? A: No
217,Q: ¿Es 'ratón' más pesado que 'perforar'? A: No
218,Q: ¿Es 'tazón pequeño' más pesado que 'reloj de dali'? A: No
219,Q: ¿Es 'tazón pequeño' más pesado que 'paraguas'? A: No
220,Q: ¿Es 'tazón pequeño' más pesado que 'almohada'? A: No
221,Q: ¿Es 'tazón pequeño' más pesado que 'teclado'? A: No
222,Q: ¿Es 'tazón pequeño' más pesado que 'tostadora'? A: No
223,Q: ¿Es 'tazón pequeño' más pesado que 'perforar'? A: No
224,Q: ¿Es 'avión de juguete' más pesado que 'reloj de dali'? A: No
225,Q: ¿Es 'avión de juguete' más pesado que 'paraguas'? A: No
226,Q: ¿Es 'avión de juguete' más pesado que 'almohada'? A: No
227,Q: ¿Es 'avión de juguete' más pesado que 'teclado'? A: No
228,Q: ¿Es 'avión de juguete' más pesado que 'tostadora'? A: No
229,Q: ¿Es 'avión de juguete' más pesado que 'perforar'? A: No
230,Q: ¿Es 'reloj de avión' más pesado que 'reloj de dali'? A: No
231,Q: ¿Es 'reloj de avión' más pesado que 'paraguas'? A: No
232,Q: ¿Es 'reloj de avión' más pesado que 'almohada'? A: No
233,Q: ¿Es 'reloj de avión' más pesado que 'teclado'? A: No
234,Q: ¿Es 'reloj de avión' más pesado que 'tostadora'? A: No
235,Q: ¿Es 'reloj de avión' más pesado que 'perforar'? A: No
236,Q: ¿Es 'gran grapadora' más pesado que 'reloj de dali'? A: No
237,Q: ¿Es 'gran grapadora' más pesado que 'paraguas'? A: No
238,Q: ¿Es 'gran grapadora' más pesado que 'almohada'? A: No
239,Q: ¿Es 'gran grapadora' más pesado que 'teclado'? A: No
240,Q: ¿Es 'gran grapadora' más pesado que 'tostadora'? A: No
241,Q: ¿Es 'gran grapadora' más pesado que 'perforar'? A: No
242,Q: ¿Es 'lámina' más pesado que 'paraguas'? A: No
243,Q: ¿Es 'lámina' más pesado que 'almohada'? A: No
244,Q: ¿Es 'lámina' más pesado que 'teclado'? A: No
245,Q: ¿Es 'lámina' más pesado que 'tostadora'? A: No
246,Q: ¿Es 'lámina' más pesado que 'perforar'? A: No
247,Q: ¿Es 'muñeca' más pesado que 'paraguas'? A: No
248,Q: ¿Es 'muñeca' más pesado que 'almohada'? A: No
249,Q: ¿Es 'muñeca' más pesado que 'teclado'? A: No
250,Q: ¿Es 'muñeca' más pesado que 'tostadora'? A: No
251,Q: ¿Es 'muñeca' más pesado que 'perforar'? A: No
252,Q: ¿Es 'puede abridor' más pesado que 'paraguas'? A: No
253,Q: ¿Es 'puede abridor' más pesado que 'almohada'? A: No
254,Q: ¿Es 'puede abridor' más pesado que 'teclado'? A: No
255,Q: ¿Es 'puede abridor' más pesado que 'tostadora'? A: No
256,Q: ¿Es 'puede abridor' más pesado que 'perforar'? A: No
257,Q: ¿Es 'divisor de manguera' más pesado que 'paraguas'? A: No
258,Q: ¿Es 'divisor de manguera' más pesado que 'almohada'? A: No
259,Q: ¿Es 'divisor de manguera' más pesado que 'teclado'? A: No
260,Q: ¿Es 'divisor de manguera' más pesado que 'tostadora'? A: No
261,Q: ¿Es 'divisor de manguera' más pesado que 'perforar'? A: No
262,Q: ¿Es 'auriculares' más pesado que 'paraguas'? A: No
263,Q: ¿Es 'auriculares' más pesado que 'almohada'? A: No
264,Q: ¿Es 'auriculares' más pesado que 'teclado'? A: No
265,Q: ¿Es 'auriculares' más pesado que 'tostadora'? A: No
266,Q: ¿Es 'auriculares' más pesado que 'perforar'? A: No
267,Q: ¿Es 'remoto de tv' más pesado que 'paraguas'? A: No
268,Q: ¿Es 'remoto de tv' más pesado que 'almohada'? A: No
269,Q: ¿Es 'remoto de tv' más pesado que 'teclado'? A: No
270,Q: ¿Es 'remoto de tv' más pesado que 'tostadora'? A: No
271,Q: ¿Es 'remoto de tv' más pesado que 'perforar'? A: No
272,Q: ¿Es 'cinta medida' más pesado que 'paraguas'? A: No
273,Q: ¿Es 'cinta medida' más pesado que 'almohada'? A: No
274,Q: ¿Es 'cinta medida' más pesado que 'teclado'? A: No
275,Q: ¿Es 'cinta medida' más pesado que 'tostadora'? A: No
276,Q: ¿Es 'cinta medida' más pesado que 'perforar'? A: No
277,Q: ¿Es 'sartén' más pesado que 'paraguas'? A: No
278,Q: ¿Es 'sartén' más pesado que 'almohada'? A: No
279,Q: ¿Es 'sartén' más pesado que 'teclado'? A: No
280,Q: ¿Es 'sartén' más pesado que 'tostadora'? A: No
281,Q: ¿Es 'sartén' más pesado que 'perforar'? A: No
282,Q: ¿Es 'chips de sol' más pesado que 'almohada'? A: No
283,Q: ¿Es 'chips de sol' más pesado que 'teclado'? A: No
284,Q: ¿Es 'chips de sol' más pesado que 'tostadora'? A: No
285,Q: ¿Es 'chips de sol' más pesado que 'perforar'? A: No
286,Q: ¿Es 'pantanoso el elefante' más pesado que 'almohada'? A: No
287,Q: ¿Es 'pantanoso el elefante' más pesado que 'teclado'? A: No
288,Q: ¿Es 'pantanoso el elefante' más pesado que 'tostadora'? A: No
289,Q: ¿Es 'pantanoso el elefante' más pesado que 'perforar'? A: No
290,Q: ¿Es 'alicates' más pesado que 'almohada'? A: No
291,Q: ¿Es 'alicates' más pesado que 'teclado'? A: No
292,Q: ¿Es 'alicates' más pesado que 'tostadora'? A: No
293,Q: ¿Es 'alicates' más pesado que 'perforar'? A: No
294,Q: ¿Es 'navaja suiza' más pesado que 'almohada'? A: No
295,Q: ¿Es 'navaja suiza' más pesado que 'teclado'? A: No
296,Q: ¿Es 'navaja suiza' más pesado que 'tostadora'? A: No
297,Q: ¿Es 'navaja suiza' más pesado que 'perforar'? A: No
298,Q: ¿Es 'bloquear' más pesado que 'almohada'? A: No
299,Q: ¿Es 'bloquear' más pesado que 'teclado'? A: No
300,Q: ¿Es 'bloquear' más pesado que 'tostadora'? A: No
301,Q: ¿Es 'bloquear' más pesado que 'perforar'? A: No
302,Q: ¿Es 'juguete de elefante pequeño' más pesado que 'almohada'? A: No
303,Q: ¿Es 'juguete de elefante pequeño' más pesado que 'teclado'? A: No
304,Q: ¿Es 'juguete de elefante pequeño' más pesado que 'tostadora'? A: No
305,Q: ¿Es 'juguete de elefante pequeño' más pesado que 'perforar'? A: No
306,Q: ¿Es 'tijeras de jardinería' más pesado que 'teclado'? A: No
307,Q: ¿Es 'tijeras de jardinería' más pesado que 'tostadora'? A: No
308,Q: ¿Es 'tijeras de jardinería' más pesado que 'perforar'? A: No
309,Q: ¿Es 'unidad de disco' más pesado que 'teclado'? A: No
310,Q: ¿Es 'unidad de disco' más pesado que 'tostadora'? A: No
311,Q: ¿Es 'unidad de disco' más pesado que 'perforar'? A: No
312,Q: ¿Es 'almohada de cuello' más pesado que 'teclado'? A: No
313,Q: ¿Es 'almohada de cuello' más pesado que 'tostadora'? A: No
314,Q: ¿Es 'almohada de cuello' más pesado que 'perforar'? A: No
315,Q: ¿Es 'martillo' más pesado que 'ladrillo rojo lego'? A: Sí
316,Q: ¿Es 'martillo' más pesado que 'ladrillo de lego verde'? A: Sí
317,Q: ¿Es 'martillo' más pesado que 'tostadora'? A: No
318,Q: ¿Es 'martillo' más pesado que 'perforar'? A: No
319,Q: ¿Es 'tazón grande' más pesado que 'ladrillo rojo lego'? A: Sí
320,Q: ¿Es 'tazón' más pesado que 'ladrillo de lego verde'? A: Sí
321,Q: ¿Es 'tazón' más pesado que 'maquinilla'? A: Sí
322,Q: ¿Es 'tazón' más pesado que 'rascador de espalda'? A: Sí
323,Q: ¿Es 'tazón' más pesado que 'pequeña grapadora'? A: Sí
324,Q: ¿Es 'tazón' más pesado que 'presentación remota'? A: Sí
325,Q: ¿Es 'tazón' más pesado que 'vía de tren de madera'? A: Sí
326,Q: ¿Es 'tazón' más pesado que 'cuchara de madera'? A: Sí
327,Q: ¿Es 'tazón' más pesado que 'clip de chip'? A: Sí
328,Q: ¿Es 'tazón' más pesado que 'paquete de cuerda'? A: Sí
329,Q: ¿Es 'tazón' más pesado que 'cartón de google'? A: Sí
330,Q: ¿Es 'tazón' más pesado que 'zapatilla'? A: Sí
331,Q: ¿Es 'tazón' más pesado que '15 rompecabezas'? A: Sí
332,Q: ¿Es 'tazón' más pesado que 'encendedor'? A: Sí
333,Q: ¿Es 'tazón' más pesado que 'enroscarse'? A: Sí
334,Q: ¿Es 'tazón' más pesado que 'sombrero'? A: Sí
335,Q: ¿Es 'tazón' más pesado que 'cuchillo de cocina'? A: Sí
336,Q: ¿Es 'tazón' más pesado que 'destornillador'? A: Sí
337,Q: ¿Es 'tazón' más pesado que 'barra de jabón'? A: Sí
338,Q: ¿Es 'tazón' más pesado que 'tostadora'? A: No
339,Q: ¿Es 'tazón' más pesado que 'perforar'? A: No
340,Q: ¿Es 'juguete de elefante grande' más pesado que 'ladrillo rojo lego'? A: Sí
341,Q: ¿Es 'juguete de elefante grande' más pesado que 'ladrillo de lego verde'? A: Sí
342,Q: ¿Es 'juguete de elefante grande' más pesado que 'maquinilla'? A: Sí
343,Q: ¿Es 'juguete de elefante grande' más pesado que 'rascador de espalda'? A: Sí
344,Q: ¿Es 'juguete de elefante grande' más pesado que 'pequeña grapadora'? A: Sí
345,Q: ¿Es 'juguete de elefante grande' más pesado que 'presentación remota'? A: Sí
346,Q: ¿Es 'juguete de elefante grande' más pesado que 'vía de tren de madera'? A: Sí
347,Q: ¿Es 'juguete de elefante grande' más pesado que 'cuchara de madera'? A: Sí
348,Q: ¿Es 'juguete de elefante grande' más pesado que 'clip de chip'? A: Sí
349,Q: ¿Es 'juguete de elefante grande' más pesado que 'paquete de cuerda'? A: Sí
350,Q: ¿Es 'juguete de elefante grande' más pesado que 'cartón de google'? A: Sí
351,Q: ¿Es 'juguete de elefante grande' más pesado que 'zapatilla'? A: Sí
352,Q: ¿Es 'juguete de elefante grande' más pesado que '15 rompecabezas'? A: Sí
353,Q: ¿Es 'juguete de elefante grande' más pesado que 'encendedor'? A: Sí
354,Q: ¿Es 'juguete de elefante grande' más pesado que 'enroscarse'? A: Sí
355,Q: ¿Es 'juguete de elefante grande' más pesado que 'sombrero'? A: Sí
356,Q: ¿Es 'juguete de elefante grande' más pesado que 'cuchillo de cocina'? A: Sí
357,Q: ¿Es 'juguete de elefante grande' más pesado que 'destornillador'? A: Sí
358,Q: ¿Es 'juguete de elefante grande' más pesado que 'barra de jabón'? A: Sí
359,Q: ¿Es 'juguete de elefante grande' más pesado que 'ver maestro'? A: Sí
360,Q: ¿Es 'juguete de elefante grande' más pesado que 'caja de jabón'? A: Sí
361,Q: ¿Es 'juguete de elefante grande' más pesado que 'cepillo de botella'? A: Sí
362,Q: ¿Es 'juguete de elefante grande' más pesado que 'tostadora'? A: No
363,Q: ¿Es 'juguete de elefante grande' más pesado que 'perforar'? A: No
364,Q: ¿Es 'secador de pelo' más pesado que 'ladrillo rojo lego'? A: Sí
365,Q: ¿Es 'secador de pelo' más pesado que 'ladrillo de lego verde'? A: Sí
366,Q: ¿Es 'secador de pelo' más pesado que 'maquinilla'? A: Sí
367,Q: ¿Es 'secador de pelo' más pesado que 'rascador de espalda'? A: Sí
368,Q: ¿Es 'secador de pelo' más pesado que 'pequeña grapadora'? A: Sí
369,Q: ¿Es 'secador de pelo' más pesado que 'presentación remota'? A: Sí
370,Q: ¿Es 'secador de pelo' más pesado que 'vía de tren de madera'? A: Sí
371,Q: ¿Es 'secador de pelo' más pesado que 'cuchara de madera'? A: Sí
372,Q: ¿Es 'secador de pelo' más pesado que 'clip de chip'? A: Sí
373,Q: ¿Es 'secador de pelo' más pesado que 'paquete de cuerda'? A: Sí
374,Q: ¿Es 'secador de pelo' más pesado que 'cartón de google'? A: Sí
375,Q: ¿Es ' secador de pelo' más pesado que 'zapatilla'? A: Sí
376,Q: ¿Es 'secador de pelo' más pesado que '15 rompecabezas'? A: Sí
377,Q: ¿Es 'secador de pelo' más pesado que 'encendedor'? A: Sí
378,Q: ¿Es 'secador de pelo' más pesado que 'enroscarse'? A: Sí
379,Q: ¿Es 'secador de pelo' más pesado que 'sombrero'? A: Sí
380,Q: ¿Es 'secador de pelo' más pesado que 'cuchillo de cocina'? A: Sí
381,Q: ¿Es 'secador de pelo' más pesado que 'destornillador'? A: Sí
382,Q: ¿Es 'secador de pelo' más pesado que 'barra de jabón'? A: Sí
383,Q: ¿Es 'secador de pelo' más pesado que 'ver maestro'? A: Sí
384,Q: ¿Es 'secador de pelo' más pesado que 'caja de jabón'? A: Sí
385,Q: ¿Es 'secador de pelo' más pesado que 'cepillo de botella'? A: Sí
386,Q: ¿Es 'secador de pelo' más pesado que 'teléfono de ivan'? A: Sí
387,Q: ¿Es 'secador de pelo' más pesado que 'ollie el mono'? A: Sí
388,Q: ¿Es 'secador de pelo' más pesado que 'ratón'? A: Sí
389,Q: ¿Es 'secador de pelo' más pesado que 'tostadora'? A: No
390,Q: ¿Es 'secador de pelo' más pesado que 'perforar'? A: No
391,Q: ¿Es 'reloj de dali' más pesado que 'ladrillo rojo lego'? A: Sí
392,Q: ¿Es 'reloj de dali' más pesado que 'ladrillo de lego verde'? A: Sí
393,Q: ¿Es 'reloj de dali' más pesado que 'maquinilla'? A: Sí
394,Q: ¿Es 'reloj de dali' más pesado que 'rascador de espalda'? A: Sí
395,Q: ¿Es 'reloj de dali' más pesado que 'pequeña grapadora'? A: Sí
396,Q: ¿Es 'reloj de dali' más pesado que 'presentación remota'? A: Sí
397,Q: ¿Es 'reloj de dali' más pesado que 'vía de tren de madera'? A: Sí
398,Q: ¿Es 'reloj de dali' más pesado que 'cuchara de madera'? A: Sí
399,Q: ¿Es 'reloj de dali' más pesado que 'clip de chip'? A: Sí
400,Q: ¿Es 'reloj de dali' más pesado que 'paquete de cuerda'? A: Sí
401,Q: ¿Es 'reloj de dali' más pesado que 'cartón de google'? A: Sí
402,Q: ¿Es 'reloj de dali' más pesado que 'zapatilla'? A: Sí
403,Q: ¿Es 'reloj de dali' más pesado que '15 rompecabezas'? A: Sí
404,Q: ¿Es 'reloj de dali' más pesado que 'encendedor'? A: Sí
405,Q: ¿Es 'reloj de dali' más pesado que 'enroscarse'? A: Sí
406,Q: ¿Es 'reloj de dali' más pesado que 'sombrero'? A: Sí
407,Q: ¿Es 'reloj de dali' más pesado que 'cuchillo de cocina'? A: Sí
408,Q: ¿Es 'reloj de dali' más pesado que 'destornillador'? A: Sí
409,Q: ¿Es 'reloj de dali' más pesado que 'barra de jabón'? A: Sí
410,Q: ¿Es 'reloj de dali' más pesado que 'ver maestro'? A: Sí
411,Q: ¿Es 'reloj de dali' más pesado que 'caja de jabón'? A: Sí
412,Q: ¿Es 'reloj de dali' más pesado que 'cepillo de botella'? A: Sí
413,Q: ¿Es 'reloj de dali' más pesado que 'teléfono de ivan'? A: Sí
414,Q: ¿Es 'reloj de dali' más pesado que 'ollie el mono'? A: Sí
415,Q: ¿Es 'reloj de dali' más pesado que 'ratón'? A: Sí
416,Q: ¿Es 'reloj de dali' más pesado que 'tazón pequeño'? A: Sí
417,Q: ¿Es 'reloj de dali' más pesado que 'avión de juguete'? A: Sí
418,Q: ¿Es 'reloj de dali' más pesado que 'reloj de avión'? A: Sí
419,Q: ¿Es 'reloj de dali' más pesado que 'gran grapadora'? A: Sí
420,Q: ¿Es 'reloj de dali' más pesado que 'tostadora'? A: No
421,Q: ¿Es 'reloj de dali' más pesado que 'perforar'? A: No
422,Q: ¿Es 'paraguas' más pesado que 'ladrillo rojo lego'? A: Sí
423,Q: ¿Es 'paraguas' más pesado que 'ladrillo de lego verde'? A: Sí
424,Q: ¿Es 'paraguas' más pesado que 'maquinilla'? A: Sí
425,Q: ¿Es 'paraguas' más pesado que 'rascador de espalda'? A: Sí
426,Q: ¿Es 'paraguas' más pesado que 'pequeña grapadora'? A: Sí
427,Q: ¿Es 'paraguas' más pesado que 'presentación remota'? A: Sí
428,Q: ¿Es 'paraguas' más pesado que 'vía de tren de madera'? A: Sí
429,Q: ¿Es 'paraguas' más pesado que 'cuchara de madera'? A: Sí
430,Q: ¿Es 'paraguas' más pesado que 'clip de chip'? A: Sí
431,Q: ¿Es 'paraguas' más pesado que 'paquete de cuerda'? A: Sí
432,Q: ¿Es 'paraguas' más pesado que 'cartón de google'? A: Sí
433,Q: ¿Es 'paraguas' más pesado que 'zapatilla'? A: Sí
434,Q: ¿Es 'paraguas' más pesado que '15 rompecabezas'? A: Sí
435,Q: ¿Es 'paraguas' más pesado que 'encendedor'? A: Sí
436,Q: ¿Es 'paraguas' más pesado que 'enroscarse'? A: Sí
437,Q: ¿Es 'paraguas' más pesado que 'sombrero'? A: Sí
438,Q: ¿Es 'paraguas' más pesado que 'cuchillo de cocina'? A: Sí
439,Q: ¿Es 'paraguas' más pesado que 'destornillador'? A: Sí
440,Q: ¿Es 'paraguas' más pesado que 'barra de jabón'? A: Sí
441,Q: ¿Es 'el paraguas' más pesado que 'ver maestro'? A: Sí
442,Q: ¿Es 'paraguas' más pesado que 'caja de jabón'? A: Sí
443,Q: ¿Es 'paraguas' más pesado que 'cepillo de botella'? A: Sí
444,Q: ¿Es 'paraguas' más pesado que 'teléfono de ivan'? A: Sí
445,Q: ¿Es 'paraguas' más pesado que 'ollie el mono'? A: Sí
446,Q: ¿Es 'paraguas' más pesado que 'ratón'? A: Sí
447,Q: ¿Es 'paraguas' más pesado que 'tazón pequeño'? A: Sí
448,Q: ¿Es 'paraguas' más pesado que 'avión de juguete'? A: Sí
449,Q: ¿Es 'paraguas' más pesado que 'reloj de avión'? A: Sí
450,Q: ¿Es 'paraguas' más pesado que 'gran grapadora'? A: Sí
451,Q: ¿Es 'paraguas' más pesado que 'lámina'? A: Sí
452,Q: ¿Es 'paraguas' más pesado que 'muñeca'? A: Sí
453,Q: ¿Es 'paraguas' más pesado que 'puede abridor'? A: Sí
454,Q: ¿Es 'paraguas' más pesado que 'divisor de manguera'? A: Sí
455,Q: ¿Es 'paraguas' más pesado que 'auriculares'? A: Sí
456,Q: ¿Es 'paraguas' más pesado que 'remoto de tv'? A: Sí
457,Q: ¿Es 'paraguas' más pesado que 'cinta medida'? A: Sí
458,Q: ¿Es 'paraguas' más pesado que 'sartén'? A: Sí
459,Q: ¿Es 'paraguas' más pesado que 'perforar'? A: No
460,Q: ¿Es 'almohada' más pesado que 'ladrillo rojo lego'? A: Sí
461,Q: ¿Es 'almohada' más pesado que 'ladrillo de lego verde'? A: Sí
462,Q: ¿Es 'almohada' más pesado que 'maquinilla'? A: Sí
463,Q: ¿Es 'almohada' más pesado que 'rascador de espalda'? A: Sí
464,Q: ¿Es 'almohada' más pesado que 'pequeña grapadora'? A: Sí
465,Q: ¿Es 'almohada' más pesado que 'presentación remota'? A: Sí
466,Q: ¿Es 'almohada' más pesado que 'vía de tren de madera'? A: Sí
467,Q: ¿Es 'almohada' más pesado que 'cuchara de madera'? A: Sí
468,Q: ¿Es 'almohada' más pesado que 'clip de chip'? A: Sí
469,Q: ¿Es 'almohada' más pesado que 'paquete de cuerda'? A: Sí
470,Q: ¿Es 'almohada' más pesado que 'cartón de google'? A: Sí
471,Q: ¿Es 'almohada' más pesado que 'zapatilla'? A: Sí
472,Q: ¿Es 'almohada' más pesado que '15 rompecabezas'? A: Sí
473,Q: ¿Es 'almohada' más pesado que 'encendedor'? A: Sí
474,Q: ¿Es 'almohada' más pesado que 'enroscarse'? A: Sí
475,Q: ¿Es 'almohada' más pesado que 'sombrero'? A: Sí
476,Q: ¿Es 'almohada' más pesado que 'cuchillo de cocina'? A: Sí
477,Q: ¿Es 'almohada' más pesado que 'destornillador'? A: Sí
478,Q: ¿Es 'almohada' más pesado que 'barra de jabón'? A: Sí
479,Q: ¿Es 'almohada' más pesado que 'ver maestro'? A: Sí
480,Q: ¿Es 'almohada' más pesado que 'caja de jabón'? A: Sí
481,Q: ¿Es 'almohada' más pesado que 'cepillo de botella'? A: Sí
482,Q: ¿Es 'almohada' más pesado que 'teléfono de ivan'? A: Sí
483,Q: ¿Es 'almohada' más pesado que 'ollie el mono'? A: Sí
484,Q: ¿Es 'almohada' más pesado que 'ratón'? A: Sí
485,Q: ¿Es 'almohada' más pesado que 'tazón pequeño'? A: Sí
486,Q: ¿Es 'almohada' más pesado que 'avión de juguete'? A: Sí
487,Q: ¿Es 'almohada' más pesado que 'reloj de avión'? A: Sí
488,Q: ¿Es 'almohada' más pesado que 'gran grapadora'? A: Sí
489,Q: ¿Es 'almohada' más pesado que 'lámina'? A: Sí
490,Q: ¿Es 'almohada' más pesado que 'muñeca'? A: Sí
491,Q: ¿Es 'almohada' más pesado que 'puede abridor'? A: Sí
492,Q: ¿Es 'almohada' más pesado que 'divisor de manguera'? A: Sí
493,Q: ¿Es 'almohada' más pesado que 'auriculares'? A: Sí
494,Q: ¿Es 'almohada' más pesado que 'remoto de tv'? A: Sí
495,Q: ¿Es 'almohada' más pesado que 'cinta medida'? A: Sí
496,Q: ¿Es 'almohada' más pesado que 'sartén'? A: Sí
497,Q: ¿Es 'almohada' más pesado que 'chips de sol'? A: Sí
498,Q: ¿Es 'almohada' más pesado que 'pantanoso el elefante'? A: Sí
499,Q: ¿Es 'almohada' más pesado que 'alicates'? A: Sí
500,Q: ¿Es 'almohada' más pesado que 'navaja suiza'? A: Sí
501,Q: ¿Es 'almohada' más pesado que 'bloquear'? A: Sí
502,Q: ¿Es 'almohada' más pesado que 'juguete de elefante pequeño'? A: Sí
503,Q: ¿Es 'almohada' más pesado que 'perforar'? A: No
504,Q: ¿Es 'teclado' más pesado que 'ladrillo rojo lego'? A: Sí
505,Q: ¿Es 'teclado' más pesado que 'ladrillo de lego verde'? A: Sí
506,Q: ¿Es 'teclado' más pesado que 'maquinilla'? A: Sí
507,Q: ¿Es 'teclado' más pesado que 'rascador de espalda'? A: Sí
508,Q: ¿Es 'teclado' más pesado que 'pequeña grapadora'? A: Sí
509,Q: ¿Es 'teclado' más pesado que 'presentación remota'? A: Sí
510,Q: ¿Es 'teclado' más pesado que 'vía de tren de madera'? A: Sí
511,Q: ¿Es 'teclado' más pesado que 'cuchara de madera'? A: Sí
512,Q: ¿Es 'teclado' más pesado que 'clip de chip'? A: Sí
513,Q: ¿Es 'teclado' más pesado que 'paquete de cuerda'? A: Sí
514,Q: ¿Es 'teclado' más pesado que 'cartón de google'? A: Sí
515,Q: ¿Es 'teclado' más pesado que 'zapatilla'? A: Sí
516,Q: ¿Es 'teclado' más pesado que '15 rompecabezas'? A: Sí
517,Q: ¿Es 'teclado' más pesado que 'encendedor'? A: Sí
518,Q: ¿Es 'teclado' más pesado que 'enroscarse'? A: Sí
519,Q: ¿Es 'teclado' más pesado que 'sombrero'? A: Sí
520,Q: ¿Es 'teclado' más pesado que 'cuchillo de cocina'? A: Sí
521,Q: ¿Es 'teclado' más pesado que 'destornillador'? A: Sí
522,Q: ¿Es 'teclado' más pesado que 'barra de jabón'? A: Sí
523,Q: ¿Es 'teclado' más pesado que 'ver maestro'? A: Sí
524,Q: ¿Es 'teclado' más pesado que 'caja de jabón'? A: Sí
525,Q: ¿Es 'teclado' más pesado que 'cepillo de botella'? A: Sí
526,Q: ¿Es 'teclado' más pesado que 'teléfono de ivan'? A: Sí
527,Q: ¿Es 'teclado' más pesado que 'ollie el mono'? A: Sí
528,Q: ¿Es 'teclado' más pesado que 'ratón'? A: Sí
529,Q: ¿Es 'teclado' más pesado que 'tazón pequeño'? A: Sí
530,Q: ¿Es 'teclado' más pesado que 'avión de juguete'? A: Sí
531,Q: ¿Es 'teclado' más pesado que 'reloj de avión'? A: Sí
532,Q: ¿Es 'teclado' más pesado que 'gran grapadora'? A: Sí
533,Q: ¿Es 'teclado' más pesado que 'lámina'? A: Sí
534,Q: ¿Es 'teclado' más pesado que 'muñeca'? A: Sí
535,Q: ¿Es 'teclado' más pesado que 'puede abridor'? A: Sí
536,Q: ¿Es 'teclado' más pesado que 'divisor de manguera'? A: Sí
537,Q: ¿Es 'teclado' más pesado que 'auriculares'? A: Sí
538,Q: ¿Es 'teclado' más pesado que 'remoto de tv'? A: Sí
539,Q: ¿Es 'teclado' más pesado que 'cinta medida'? A: Sí
540,Q: ¿Es 'teclado' más pesado que 'sartén'? A: Sí
541,Q: ¿Es 'teclado' más pesado que 'chips de sol'? A: Sí
542,Q: ¿Es 'teclado' más pesado que 'pantanoso el elefante'? A: Sí
543,Q: ¿Es 'teclado' más pesado que 'alicates'? A: Sí
544,Q: ¿Es 'teclado' más pesado que 'navaja suiza'? A: Sí
545,Q: ¿Es 'teclado' más pesado que 'bloquear'? A: Sí
546,Q: ¿Es 'teclado' más pesado que 'juguete de elefante pequeño'? A: Sí
547,Q: ¿Es 'teclado' más pesado que 'tijeras de jardinería'? A: Sí
548,Q: ¿Es 'teclado' más pesado que 'unidad de disco'? A: Sí
549,Q: ¿Es 'teclado' más pesado que 'almohada de cuello'? A: Sí
550,Q: ¿Es 'tostadora' más pesado que 'ladrillo rojo lego'? A: Sí
551,Q: ¿Es 'tostadora' más pesado que 'ladrillo de lego verde'? A: Sí
552,Q: ¿Es 'tostadora' más pesado que 'maquinilla'? A: Sí
553,Q: ¿Es 'tostadora' más pesado que 'rascador de espalda'? A: Sí
554,Q: ¿Es 'tostadora' más pesado que 'pequeña grapadora'? A: Sí
555,Q: ¿Es 'tostadora' más pesado que 'presentación remota'? A: Sí
556,Q: ¿Es 'tostadora' más pesado que 'vía de tren de madera'? A: Sí
557,Q: ¿Es 'tostadora' más pesado que 'cuchara de madera'? A: Sí
558,Q: ¿Es 'tostadora' más pesado que 'clip de chip'? A: Sí
559,Q: ¿Es 'tostadora' más pesado que 'paquete de cuerda'? A: Sí
560,Q: ¿Es 'tostadora' más pesado que 'cartón de google'? A: Sí
561,Q: ¿Es 'tostadora' más pesado que 'zapatilla'? A: Sí
562,Q: ¿Es 'tostadora' más pesado que '15 rompecabezas'? A: Sí
563,Q: ¿Es 'tostadora' más pesado que 'encendedor'? A: Sí
564,Q: ¿Es 'tostadora' más pesado que 'enroscarse'? A: Sí
565,Q: ¿Es 'tostadora' más pesado que 'sombrero'? A: Sí
566,Q: ¿Es 'tostadora' más pesado que 'cuchillo de cocina'? A: Sí
567,Q: ¿Es 'tostadora' más pesado que 'destornillador'? A: Sí
568,Q: ¿Es 'tostadora' más pesado que 'barra de jabón'? A: Sí
569,Q: ¿Es 'tostadora' más pesado que 'ver maestro'? A: Sí
570,Q: ¿Es 'tostadora' más pesado que 'caja de jabón'? A: Sí
571,Q: ¿Es 'tostadora' más pesado que 'cepillo de botella'? A: Sí
572,Q: ¿Es 'tostadora' más pesado que 'teléfono de ivan'? A: Sí
573,Q: ¿Es 'tostadora' más pesado que 'ollie el mono'? A: Sí
574,Q: ¿Es 'tostadora' más pesado que 'ratón'? A: Sí
575,Q: ¿Es 'tostadora' más pesado que 'tazón pequeño'? A: Sí
576,Q: ¿Es 'tostadora' más pesado que 'avión de juguete'? A: Sí
577,Q: ¿Es 'tostadora' más pesado que 'reloj de avión'? A: Sí
578,Q: ¿Es 'tostadora' más pesado que 'gran grapadora'? A: Sí
579,Q: ¿Es 'tostadora' más pesado que 'lámina'? A: Sí
580,Q: ¿Es 'tostadora' más pesado que 'muñeca'? A: Sí
581,Q: ¿Es 'tostadora' más pesado que 'puede abridor'? A: Sí
582,Q: ¿Es 'tostadora' más pesado que 'divisor de manguera'? A: Sí
583,Q: ¿Es 'tostadora' más pesado que 'auriculares'? A: Sí
584,Q: ¿Es 'tostadora' más pesado que 'remoto de tv'? A: Sí
585,Q: ¿Es 'tostadora' más pesado que 'cinta medida'? A: Sí
586,Q: ¿Es 'tostadora' más pesado que 'sartén'? A: Sí
587,Q: ¿Es 'tostadora' más pesado que 'chips de sol'? A: Sí
588,Q: ¿Es 'tostadora' más pesado que 'pantanoso el elefante'? A: Sí
589,Q: ¿Es 'tostadora' más pesado que 'alicates'? A: Sí
590,Q: ¿Es 'tostadora' más pesado que 'navaja suiza'? A: Sí
591,Q: ¿Es 'tostadora' más pesado que 'bloquear'? A: Sí
592,Q: ¿Es 'tostadora' más pesado que 'juguete de elefante pequeño'? A: Sí
593,Q: ¿Es 'tostadora' más pesado que 'tijeras de jardinería'? A: Sí
594,Q: ¿Es 'tostadora' más pesado que 'unidad de disco'? A: Sí
595,Q: ¿Es 'tostadora' más pesado que 'almohada de cuello'? A: Sí
596,Q: ¿Es 'tostadora' más pesado que 'martillo'? A: Sí
597,Q: ¿Es 'tostadora' más pesado que 'tazón'? A: Sí
598,Q: ¿Es 'tostadora' más pesado que 'juguete de elefante grande'? A: Sí
599,Q: ¿Es 'tostadora' más pesado que 'secador de pelo'? A: Sí
600,Q: ¿Es 'tostadora' más pesado que 'reloj de dali'? A: Sí
601,Q: ¿Es 'perforar' más pesado que 'ladrillo rojo lego'? A: Sí
602,Q: ¿Es 'perforar' más pesado que 'ladrillo de lego verde'? A: Sí
603,Q: ¿Es 'perforar' más pesado que 'maquinilla'? A: Sí
604,Q: ¿Es 'perforar' más pesado que 'rascador de espalda'? A: Sí
605,Q: ¿Es 'perforar' más pesado que 'pequeña grapadora'? A: Sí
606,Q: ¿Es 'perforar' más pesado que 'presentación remota'? A: Sí
607,Q: ¿Es 'perforar' más pesado que 'vía de tren de madera'? A: Sí
608,Q: ¿Es 'perforar' más pesado que 'cuchara de madera'? A: Sí
609,Q: ¿Es 'perforar' más pesado que 'clip de chip'? A: Sí
610,Q: ¿Es 'perforar' más pesado que 'paquete de cuerda'? A: Sí
611,Q: ¿Es 'perforar' más pesado que 'cartón de google'? A: Sí
612,Q: ¿Es 'perforar' más pesado que 'zapatilla'? A: Sí
613,Q: ¿Es 'perforar' más pesado que '15 rompecabezas'? A: Sí
614,Q: ¿Es 'perforar' más pesado que 'encendedor'? A: Sí
615,Q: ¿Es 'perforar' más pesado que 'enroscarse'? A: Sí
616,Q: ¿Es 'perforar' más pesado que 'sombrero'? A: Sí
617,Q: ¿Es 'perforar' más pesado que 'cuchillo de cocina'? A: Sí
618,Q: ¿Es 'perforar' más pesado que 'destornillador'? A: Sí
619,Q: ¿Es 'perforar' más pesado que 'barra de jabón'? A: Sí
620,Q: ¿Es 'perforar' más pesado que 'ver maestro'? A: Sí
621,Q: ¿Es 'perforar' más pesado que 'caja de jabón'? A: Sí
622,Q: ¿Es 'perforar' más pesado que 'cepillo de botella'? A: Sí
623,Q: ¿Es 'perforar' más pesado que 'teléfono de ivan'? A: Sí
624,Q: ¿Es 'perforar' más pesado que 'ollie el mono'? A: Sí
625,Q: ¿Es 'perforar' más pesado que 'ratón'? A: Sí
626,Q: ¿Es 'perforar' más pesado que 'tazón pequeño'? A: Sí
627,Q: ¿Es 'perforar' más pesado que 'avión de juguete'? A: Sí
628,Q: ¿Es 'perforar' más pesado que 'reloj de avión'? A: Sí
629,Q: ¿Es 'perforar' más pesado que 'gran grapadora'? A: Sí
630,Q: ¿Es 'perforar' más pesado que 'lámina'? A: Sí
631,Q: ¿Es 'perforar' más pesado que 'muñeca'? A: Sí
632,Q: ¿Es 'perforar' más pesado que 'puede abridor'? A: Sí
633,Q: ¿Es 'perforar' más pesado que 'divisor de manguera'? A: Sí
634,Q: ¿Es 'perforar' más pesado que 'auriculares'? A: Sí
635,Q: ¿Es 'perforar' más pesado que 'remoto de tv'? A: Sí
636,Q: ¿Es 'perforar' más pesado que 'cinta medida'? A: Sí
637,Q: ¿Es 'perforar' más pesado que 'sartén'? A: Sí
638,Q: ¿Es 'perforar' más pesado que 'chips de sol'? A: Sí
639,Q: ¿Es 'perforar' más pesado que 'pantanoso el elefante'? A: Sí
640,Q: ¿Es 'perforar' más pesado que 'alicates'? A: Sí
641,Q: ¿Es 'perforar' más pesado que 'navaja suiza'? A: Sí
642,Q: ¿Es 'perforar' más pesado que 'bloquear'? A: Sí
643,Q: ¿Es 'perforar' más pesado que 'juguete de elefante pequeño'? A: Sí
644,Q: ¿Es 'perforar' más pesado que 'tijeras de jardinería'? A: Sí
645,Q: ¿Es 'perforar' más pesado que 'unidad de disco'? A: Sí
646,Q: ¿Es 'perforar' más pesado que 'almohada de cuello'? A: Sí
647,Q: ¿Es 'perforar' más pesado que 'martillo'? A: Sí
648,Q: ¿Es 'perforar' más pesado que 'tazón'? A: Sí
649,Q: ¿Es 'perforar' más pesado que 'juguete de elefante grande'? A: Sí
650,Q: ¿Es 'perforar' más pesado que 'secador de pelo'? A: Sí
651,Q: ¿Es 'perforar' más pesado que 'reloj de dali'? A: Sí
652,Q: ¿Es 'perforar' más pesado que 'paraguas'? A: Sí
653,Q: ¿Es 'perforar' más pesado que 'almohada'? A: Sí
