0,Q: 'キャンドルワックス'は'肌'より固いか? A: いいえ
1,Q: 'キャンドルワックス'は'錫'より固いか? A: いいえ
2,Q: 'キャンドルワックス'は'カルシウム'より固いか? A: いいえ
3,Q: 'キャンドルワックス'は'石膏'より固いか? A: いいえ
4,Q: 'キャンドルワックス'は'爪'より固いか? A: いいえ
5,Q: 'キャンドルワックス'は'氷'より固いか? A: いいえ
6,Q: 'キャンドルワックス'は'アルミニウム'より固いか? A: いいえ
7,Q: 'キャンドルワックス'は'金'より固いか? A: いいえ
8,Q: 'キャンドルワックス'は'銀'より固いか? A: いいえ
9,Q: 'キャンドルワックス'は'方解石'より固いか? A: いいえ
10,Q: 'キャンドルワックス'は'銅'より固いか? A: いいえ
11,Q: 'キャンドルワックス'は'デンタ'より固いか? A: いいえ
12,Q: 'キャンドルワックス'は'パール'より固いか? A: いいえ
13,Q: 'キャンドルワックス'は'シェル'より固いか? A: いいえ
14,Q: 'キャンドルワックス'は'蛍石'より固いか? A: いいえ
15,Q: 'キャンドルワックス'は'ニッケル'より固いか? A: いいえ
16,Q: 'キャンドルワックス'は'普通の鋼'より固いか? A: いいえ
17,Q: 'キャンドルワックス'は'白金'より固いか? A: いいえ
18,Q: 'キャンドルワックス'は'鉄'より固いか? A: いいえ
19,Q: 'キャンドルワックス'は'アパタイト'より固いか? A: いいえ
20,Q: 'キャンドルワックス'は'黒曜石'より固いか? A: いいえ
21,Q: 'キャンドルワックス'は'ステンレス鋼'より固いか? A: いいえ
22,Q: 'キャンドルワックス'は'オルソクラーゼ'より固いか? A: いいえ
23,Q: 'キャンドルワックス'は'タンザナイト'より固いか? A: いいえ
24,Q: 'キャンドルワックス'は'ガラス'より固いか? A: いいえ
25,Q: 'キャンドルワックス'は'シルコン'より固いか? A: いいえ
26,Q: 'キャンドルワックス'は'アメジスト'より固いか? A: いいえ
27,Q: 'キャンドルワックス'は'石英'より固いか? A: いいえ
28,Q: 'キャンドルワックス'は'トパーズ'より固いか? A: いいえ
29,Q: 'キャンドルワックス'は'モイサナイト'より固いか? A: いいえ
30,Q: 'キャンドルワックス'は'炭化シリコン'より固いか? A: いいえ
31,Q: 'キャンドルワックス'は'ダイヤモンド'より固いか? A: いいえ
32,Q: '黒鉛'は'カルシウム'より固いか? A: いいえ
33,Q: '黒鉛'は'石膏'より固いか? A: いいえ
34,Q: '黒鉛'は'爪'より固いか? A: いいえ
35,Q: '黒鉛'は'氷'より固いか? A: いいえ
36,Q: '黒鉛'は'アルミニウム'より固いか? A: いいえ
37,Q: '黒鉛'は'金'より固いか? A: いいえ
38,Q: '黒鉛'は'銀'より固いか? A: いいえ
39,Q: '黒鉛'は'方解石'より固いか? A: いいえ
40,Q: '黒鉛'は'銅'より固いか? A: いいえ
41,Q: '黒鉛'は'デンタ'より固いか? A: いいえ
42,Q: '黒鉛'は'パール'より固いか? A: いいえ
43,Q: '黒鉛'は'シェル'より固いか? A: いいえ
44,Q: '黒鉛'は'蛍石'より固いか? A: いいえ
45,Q: '黒鉛'は'ニッケル'より固いか? A: いいえ
46,Q: '黒鉛'は'普通の鋼'より固いか? A: いいえ
47,Q: 'グラファイト'は'白金'より固いか? A: いいえ
48,Q: '黒鉛'は'鉄'より固いか? A: いいえ
49,Q: '黒鉛'は'アパタイト'より固いか? A: いいえ
50,Q: '黒鉛'は'黒曜石'より固いか? A: いいえ
51,Q: '黒鉛'は'ステンレス鋼'より固いか? A: いいえ
52,Q: '黒鉛'は'オルソクラーゼ'より固いか? A: いいえ
53,Q: '黒鉛'は'タンザナイト'より固いか? A: いいえ
54,Q: '黒鉛'は'ガラス'より固いか? A: いいえ
55,Q: '黒鉛'は'シルコン'より固いか? A: いいえ
56,Q: '黒鉛'は'アメジスト'より固いか? A: いいえ
57,Q: '黒鉛'は'石英'より固いか? A: いいえ
58,Q: '黒鉛'は'トパーズ'より固いか? A: いいえ
59,Q: '黒鉛'は'モイサナイト'より固いか? A: いいえ
60,Q: '黒鉛'は'炭化シリコン'より固いか? A: いいえ
61,Q: '黒鉛'は'ダイヤモンド'より固いか? A: いいえ
62,Q: 'タルク'は'カルシウム'より固いか? A: いいえ
63,Q: 'タルク'は'石膏'より固いか? A: いいえ
64,Q: 'タルク'は'爪'より固いか? A: いいえ
65,Q: 'タルク'は'氷'より固いか? A: いいえ
66,Q: 'タルク'は'アルミニウム'より固いか? A: いいえ
67,Q: 'タルク'は'金'より固いか? A: いいえ
68,Q: 'カッセキ'は'銀'より固いか? A: いいえ
69,Q: 'タルク'は'方解石'より固いか? A: いいえ
70,Q: 'タルク'は'銅'より固いか? A: いいえ
71,Q: 'タルク'は'デンタ'より固いか? A: いいえ
72,Q: 'タルク'は'パール'より固いか? A: いいえ
73,Q: 'タルク'は'シェル'より固いか? A: いいえ
74,Q: 'タルク'は'蛍石'より固いか? A: いいえ
75,Q: 'タルク'は'ニッケル'より固いか? A: いいえ
76,Q: 'タルク'は'普通の鋼'より固いか? A: いいえ
77,Q: 'タルク'は'白金'より固いか? A: いいえ
78,Q: 'タルク'は'鉄'より固いか? A: いいえ
79,Q: 'タルク'は'アパタイト'より固いか? A: いいえ
80,Q: 'タルク'は'黒曜石'より固いか? A: いいえ
81,Q: 'タルク'は'ステンレス鋼'より固いか? A: いいえ
82,Q: 'タルク'は'オルソクラーゼ'より固いか? A: いいえ
83,Q: 'タルク'は'タンザナイト'より固いか? A: いいえ
84,Q: 'タルク'は'ガラス'より固いか? A: いいえ
85,Q: 'タルク'は'シルコン'より固いか? A: いいえ
86,Q: 'タルク'は'アメジスト'より固いか? A: いいえ
87,Q: 'タルク'は'石英'より固いか? A: いいえ
88,Q: 'タルク'は'トパーズ'より固いか? A: いいえ
89,Q: 'タルク'は'モイサナイト'より固いか? A: いいえ
90,Q: 'タルク'は'炭化シリコン'より固いか? A: いいえ
91,Q: 'タルク'は'ダイヤモンド'より固いか? A: いいえ
92,Q: '肌'は'キャンドルワックス'より固いか? A: はい
93,Q: '肌'は'爪'より固いか? A: いいえ
94,Q: '肌'は'氷'より固いか? A: いいえ
95,Q: '肌'は'アルミニウム'より固いか? A: いいえ
96,Q: '肌'は'ゴールド'より固いか? A: いいえ
97,Q: '肌'は'銀'より固いか? A: いいえ
98,Q: '肌'は'方解石'より固いか? A: いいえ
99,Q: '肌'は'銅'より固いか? A: いいえ
100,Q: '肌'は'デンタ'より固いか? A: いいえ
101,Q: '肌'は'真珠'より固いか? A: いいえ
102,Q: '肌'は'シェル'より固いか? A: いいえ
103,Q: '肌'は'蛍石'より固いか? A: いいえ
104,Q: '肌'は'ニッケル'より固いか? A: いいえ
105,Q: '肌'は'普通の鋼'より固いか? A: いいえ
106,Q: '肌'は'白金'より固いか? A: いいえ
107,Q: '肌'は'鉄'より固いか? A: いいえ
108,Q: '肌'は'アパタイト'より固いか? A: いいえ
109,Q: '肌'は'黒曜石'より固いか? A: いいえ
110,Q: '肌'は'ステンレス鋼'より固いか? A: いいえ
111,Q: '肌'は'オルソクラーゼ'より固いか? A: いいえ
112,Q: '皮膚'は'タンザナイト'より固いか? A: いいえ
113,Q: '肌'は'ガラス'より固いか? A: いいえ
114,Q: '肌'は'シルコン'より固いか? A: いいえ
115,Q: '肌'は'アメジスト'より固いか? A: いいえ
116,Q: '肌'は'石英'より固いか? A: いいえ
117,Q: '肌'は'トパーズ'より固いか? A: いいえ
118,Q: '肌'は'モイサナイト'より固いか? A: いいえ
119,Q: '肌'は'炭化シリコン'より固いか? A: いいえ
120,Q: '肌'は'ダイヤモンド'より固いか? A: いいえ
121,Q: '錫'は'キャンドルワックス'より固いか? A: はい
122,Q: '錫'は'爪'より固いか? A: いいえ
123,Q: '錫'は'氷'より固いか? A: いいえ
124,Q: '錫'は'アルミニウム'より固いか? A: いいえ
125,Q: '錫'は'金'より固いか? A: いいえ
126,Q: '錫'は'銀'より固いか? A: いいえ
127,Q: '錫'は'方解石'より固いか? A: いいえ
128,Q: '錫'は'銅'より固いか? A: いいえ
129,Q: '錫'は'デンタ'より固いか? A: いいえ
130,Q: '錫'は'パール'より固いか? A: いいえ
131,Q: '錫'は'シェル'より固いか? A: いいえ
132,Q: '錫'は'蛍石'より固いか? A: いいえ
133,Q: '錫'は'ニッケル'より固いか? A: いいえ
134,Q: '錫'は'普通の鋼'より固いか? A: いいえ
135,Q: '錫'は'白金'より固いか? A: いいえ
136,Q: '錫'は'鉄'より固いか? A: いいえ
137,Q: '錫'は'アパタイト'より固いか? A: いいえ
138,Q: '錫'は'黒曜石'より固いか? A: いいえ
139,Q: '錫'は'ステンレス鋼'より固いか? A: いいえ
140,Q: '錫'は'オルソクラーゼ'より固いか? A: いいえ
141,Q: '錫'は'タンザナイト'より固いか? A: いいえ
142,Q: '錫'は'ガラス'より固いか? A: いいえ
143,Q: '錫'は'シルコン'より固いか? A: いいえ
144,Q: '錫'は'アメジスト'より固いか? A: いいえ
145,Q: '錫'は'石英'より固いか? A: いいえ
146,Q: '錫'は'トパーズ'より固いか? A: いいえ
147,Q: '錫'は'モイサナイト'より固いか? A: いいえ
148,Q: '錫'は'炭化シリコン'より固いか? A: いいえ
149,Q: '錫'は'ダイヤモンド'より固いか? A: いいえ
150,Q: 'カルシウム'は'キャンドルワックス'より固いか? A: はい
151,Q: 'カルシウム'は'黒鉛'より固いか? A: はい
152,Q: 'カルシウム'は'タルク'より固いか? A: はい
153,Q: 'カルシウム'は'爪'より固いか? A: いいえ
154,Q: 'カルシウム'は'氷'より固いか? A: いいえ
155,Q: 'カルシウム'は'アルミニウム'より固いか? A: いいえ
156,Q: 'カルシウム'は'金'より固いか? A: いいえ
157,Q: 'カルシウム'は'銀'より固いか? A: いいえ
158,Q: 'カルシウム'は'方解石'より固いか? A: いいえ
159,Q: 'カルシウム'は'銅'より固いか? A: いいえ
160,Q: 'カルシウム'は'denti'より固いか? A: いいえ
161,Q: 'カルシウム'は'パール'より固いか? A: いいえ
162,Q: 'カルシウム'は'シェル'より固いか? A: いいえ
163,Q: 'カルシウム'は'蛍石'より固いか? A: いいえ
164,Q: 'カルシウム'は'ニッケル'より固いか? A: いいえ
165,Q: 'カルシウム'は'普通の鋼'より固いか? A: いいえ
166,Q: 'カルシウム'は'白金'より固いか? A: いいえ
167,Q: 'カルシウム'は'鉄'より固いか? A: いいえ
168,Q: 'カルシウム'は'アパタイト'より固いか? A: いいえ
169,Q: 'カルシウム'は'黒曜石'より固いか? A: いいえ
170,Q: 'カルシウム'は'ステンレス鋼'より固いか? A: いいえ
171,Q: 'カルシウム'は'オルソクラーゼ'より固いか? A: いいえ
172,Q: 'カルシウム'は'タンザナイト'より固いか? A: いいえ
173,Q: 'カルシウム'は'ガラス'より固いか? A: いいえ
174,Q: 'カルシウム'は'シルコン'より固いか? A: いいえ
175,Q: 'カルシウム'は'アメジスト'より固いか? A: いいえ
176,Q: 'カルシウム'は'石英'より固いか? A: いいえ
177,Q: 'カルシウム'は'トパーズ'より固いか? A: いいえ
178,Q: 'カルシウム'は'モイサナイト'より固いか? A: いいえ
179,Q: 'カルシウム'は'炭化シリコン'より固いか? A: いいえ
180,Q: 'カルシウム'は'ダイヤモンド'より固いか? A: いいえ
181,Q: '石膏'は'キャンドルワックス'より固いか? A: はい
182,Q: '石膏'は'黒鉛'より固いか? A: はい
183,Q: '石膏'は'タルク'より固いか? A: はい
184,Q: '石膏'は'アルミニウム'より固いか? A: いいえ
185,Q: '石膏'は'金'より固いか? A: いいえ
186,Q: '石膏'は'銀'より固いか? A: いいえ
187,Q: '石膏'は'方解石'より固いか? A: いいえ
188,Q: '石膏'は'銅'より固いか? A: いいえ
189,Q: '石膏'は'デンタ'より固いか? A: いいえ
190,Q: '石膏'は'パール'より固いか? A: いいえ
191,Q: '石膏'は'シェル'より固いか? A: いいえ
192,Q: '石膏'は'蛍石'より固いか? A: いいえ
193,Q: '石膏'は'ニッケル'より固いか? A: いいえ
194,Q: '石膏'は'普通の鋼'より固いか? A: いいえ
195,Q: '石膏'は'白金'より固いか? A: いいえ
196,Q: '石膏'は'鉄'より固いか? A: いいえ
197,Q: '石膏'は'アパタイト'より固いか? A: いいえ
198,Q: '石膏'は'黒曜石'より固いか? A: いいえ
199,Q: '石膏'は'ステンレス鋼'より固いか? A: いいえ
200,Q: '石膏'は'オルソクラーゼ'より固いか? A: いいえ
201,Q: '石膏'は'タンザナイト'より固いか? A: いいえ
202,Q: '石膏'は'ガラス'より固いか? A: いいえ
203,Q: '石膏'は'シルコン'より固いか? A: いいえ
204,Q: '石膏'は'アメジスト'より固いか? A: いいえ
205,Q: '石膏'は'石英'より固いか? A: いいえ
206,Q: '石膏'は'トパーズ'より固いか? A: いいえ
207,Q: '石膏'は'モイサナイト'より固いか? A: いいえ
208,Q: '石膏'は'炭化シリコン'より固いか? A: いいえ
209,Q: '石膏'は'ダイヤモンド'より固いか? A: いいえ
210,Q: '爪'は'キャンドルワックス'より固いか? A: はい
211,Q: '爪'は'黒鉛'より固いか? A: はい
212,Q: '爪'は'タルク'より固いか? A: はい
213,Q: '爪'は'肌'より固いか? A: はい
214,Q: '爪'は'錫'より固いか? A: はい
215,Q: '爪'は'カルシウム'より固いか? A: はい
216,Q: '爪'は'シェル'より固いか? A: いいえ
217,Q: '爪'は'蛍石'より固いか? A: いいえ
218,Q: '爪'は'ニッケル'より固いか? A: いいえ
219,Q: '爪'は'普通の鋼'より固いか? A: いいえ
220,Q: '爪'は'白金'より固いか? A: いいえ
221,Q: '爪'は'鉄'より固いか? A: いいえ
222,Q: '爪'は'アパタイト'より固いか? A: いいえ
223,Q: '爪'は'黒曜石'より固いか? A: いいえ
224,Q: '爪'は'ステンレス鋼'より固いか? A: いいえ
225,Q: '爪'は'オルソクラーゼ'より固いか? A: いいえ
226,Q: '爪'は'タンザナイト'より固いか? A: いいえ
227,Q: '爪'は'ガラス'より固いか? A: いいえ
228,Q: '爪'は'シルコン'より固いか? A: いいえ
229,Q: '爪'は'アメジスト'より固いか? A: いいえ
230,Q: '爪'は'石英'より固いか? A: いいえ
231,Q: '爪'は'トパーズ'より固いか? A: いいえ
232,Q: '爪'は'モイサナイト'より固いか? A: いいえ
233,Q: '爪'は'炭化シリコン'より固いか? A: いいえ
234,Q: '爪'は'ダイヤモンド'より固いか? A: いいえ
235,Q: '氷'は'キャンドルワックス'より固いか? A: はい
236,Q: '氷'は'黒鉛'より固いか? A: はい
237,Q: '氷'は'タルク'より固いか? A: はい
238,Q: '氷'は'肌'より固いか? A: はい
239,Q: '氷'は'錫'より固いか? A: はい
240,Q: '氷'は'カルシウム'より固いか? A: はい
241,Q: '氷'は'シェル'より固いか? A: いいえ
242,Q: '氷'は'蛍石'より固いか? A: いいえ
243,Q: '氷'は'ニッケル'より固いか? A: いいえ
244,Q: '氷'は'普通の鋼'より固いか? A: いいえ
245,Q: '氷'は'白金'より固いか? A: いいえ
246,Q: '氷'は'鉄'より固いか? A: いいえ
247,Q: '氷'は'アパタイト'より固いか? A: いいえ
248,Q: '氷'は'黒曜石'より固いか? A: いいえ
249,Q: '氷'は'ステンレス鋼'より固いか? A: いいえ
250,Q: '氷'は'オルソクラーゼ'より固いか? A: いいえ
251,Q: '氷'は'タンザナイト'より固いか? A: いいえ
252,Q: '氷'は'ガラス'より固いか? A: いいえ
253,Q: '氷'は'シルコン'より固いか? A: いいえ
254,Q: '氷'は'アメジスト'より固いか? A: いいえ
255,Q: '氷'は'石英'より固いか? A: いいえ
256,Q: '氷'は'トパーズ'より固いか? A: いいえ
257,Q: '氷'は'モイサナイト'より固いか? A: いいえ
258,Q: '氷'は'炭化シリコン'より固いか? A: いいえ
259,Q: '氷'は'ダイヤモンド'より固いか? A: いいえ
260,Q: 'アルミニウム'は'キャンドルワックス'より固いか? A: はい
261,Q: 'アルミニウム'は'黒鉛'より固いか? A: はい
262,Q: 'アルミニウム'は'タルク'より固いか? A: はい
263,Q: 'アルミニウム'は'肌'より固いか? A: はい
264,Q: 'アルミニウム'は'錫'より固いか? A: はい
265,Q: 'アルミニウム'は'カルシウム'より固いか? A: はい
266,Q: 'アルミニウム'は'石膏'より固いか? A: はい
267,Q: 'アルミニウム'は'シェル'より固いか? A: いいえ
268,Q: 'アルミニウム'は'蛍石'より固いか? A: いいえ
269,Q: 'アルミニウム'は'ニッケル'より固いか? A: いいえ
270,Q: 'アルミニウム'は'普通の鋼'より固いか? A: いいえ
271,Q: 'アルミニウム'は'白金'より固いか? A: いいえ
272,Q: 'アルミニウム'は'鉄'より固いか? A: いいえ
273,Q: 'アルミニウム'は'アパタイト'より固いか? A: いいえ
274,Q: 'アルミニウム'は'黒曜石'より固いか? A: いいえ
275,Q: 'アルミニウム'は'ステンレス鋼'より固いか? A: いいえ
276,Q: 'アルミニウム'は'オルソクラーゼ'より固いか? A: いいえ
277,Q: 'アルミニウム'は'タンザナイト'より固いか? A: いいえ
278,Q: 'アルミニウム'は'ガラス'より固いか? A: いいえ
279,Q: 'アルミニウム'は'シルコン'より固いか? A: いいえ
280,Q: 'アルミニウム'は'アメジスト'より固いか? A: いいえ
281,Q: 'アルミニウム'は'石英'より固いか? A: いいえ
282,Q: 'アルミニウム'は'トパーズ'より固いか? A: いいえ
283,Q: 'アルミニウム'は'モイサナイト'より固いか? A: いいえ
284,Q: 'アルミニウム'は'炭化シリコン'より固いか? A: いいえ
285,Q: 'アルミニウム'は'ダイヤモンド'より固いか? A: いいえ
286,Q: '金'は'キャンドルワックス'より固いか? A: はい
287,Q: '金'は'黒鉛'より固いか? A: はい
288,Q: '金'は'タルク'より固いか? A: はい
289,Q: '金'は'肌'より固いか? A: はい
290,Q: '金'は'錫'より固いか? A: はい
291,Q: '金'は'カルシウム'より固いか? A: はい
292,Q: '金'は'石膏'より固いか? A: はい
293,Q: '金'は'シェル'より固いか? A: いいえ
294,Q: '金'は'蛍石'より固いか? A: いいえ
295,Q: '金'は'ニッケル'より固いか? A: いいえ
296,Q: '金'は'普通の鋼'より固いか? A: いいえ
297,Q: '金'は'白金'より固いか? A: いいえ
298,Q: '金'は'鉄'より固いか? A: いいえ
299,Q: '金'は'アパタイト'より固いか? A: いいえ
300,Q: '金'は'黒曜石'より固いか? A: いいえ
301,Q: '金'は'ステンレス鋼'より固いか? A: いいえ
302,Q: '金'は'オルソクラーゼ'より固いか? A: いいえ
303,Q: '金'は'タンザナイト'より固いか? A: いいえ
304,Q: '金'は'ガラス'より固いか? A: いいえ
305,Q: '金'は'シルコン'より固いか? A: いいえ
306,Q: '金'は'アメジスト'より固いか? A: いいえ
307,Q: '金'は'石英'より固いか? A: いいえ
308,Q: '金'は'トパーズ'より固いか? A: いいえ
309,Q: '金'は'モイサナイト'より固いか? A: いいえ
310,Q: '金'は'炭化シリコン'より固いか? A: いいえ
311,Q: '金'は'ダイヤモンド'より固いか? A: いいえ
312,Q: '銀'は'キャンドルワックス'より固いか? A: はい
313,Q: '銀'は'黒鉛'より固いか? A: はい
314,Q: '銀'は'タルク'より固いか? A: はい
315,Q: '銀'は'肌'より固いか? A: はい
316,Q: '銀'は'錫'より固いか? A: はい
317,Q: '銀'は'カルシウム'より固いか? A: はい
318,Q: '銀'は'石膏'より固いか? A: はい
319,Q: '銀'は'シェル'より固いか? A: いいえ
320,Q: '銀'は'蛍石'より固いか? A: いいえ
321,Q: '銀'は'ニッケル'より固いか? A: いいえ
322,Q: 'シルバー'は'普通の鋼'より固いか? A: いいえ
323,Q: '銀'は'白金'より固いか? A: いいえ
324,Q: '銀'は'鉄'より固いか? A: いいえ
325,Q: '銀'は'アパタイト'より固いか? A: いいえ
326,Q: '銀'は'黒曜石'より固いか? A: いいえ
327,Q: '銀'は'ステンレス鋼'より固いか? A: いいえ
328,Q: '銀'は'オルソクラーゼ'より固いか? A: いいえ
329,Q: '銀'は'タンザナイト'より固いか? A: いいえ
330,Q: '銀'は'ガラス'より固いか? A: いいえ
331,Q: '銀'は'シルコン'より固いか? A: いいえ
332,Q: '銀'は'アメジスト'より固いか? A: いいえ
333,Q: '銀'は'石英'より固いか? A: いいえ
334,Q: '銀'は'トパーズ'より固いか? A: いいえ
335,Q: '銀'は'モイサナイト'より固いか? A: いいえ
336,Q: '銀'は'炭化シリコン'より固いか? A: いいえ
337,Q: '銀'は'ダイヤモンド'より固いか? A: いいえ
338,Q: '方解石'は'キャンドルワックス'より固いか? A: はい
339,Q: '方解石'は'黒鉛'より固いか? A: はい
340,Q: '方解石'は'タルク'より固いか? A: はい
341,Q: '方解石'は'肌'より固いか? A: はい
342,Q: '方解石'は'錫'より固いか? A: はい
343,Q: '方解石'は'カルシウム'より固いか? A: はい
344,Q: '方解石'は'石膏'より固いか? A: はい
345,Q: '方解石'は'蛍石'より固いか? A: いいえ
346,Q: '方解石'は'ニッケル'より固いか? A: いいえ
347,Q: '方解石'は'普通の鋼'より固いか? A: いいえ
348,Q: '方解石'は'白金'より固いか? A: いいえ
349,Q: '方解石'は'鉄'より固いか? A: いいえ
350,Q: '方解石'は'アパタイト'より固いか? A: いいえ
351,Q: '方解石'は'黒曜石'より固いか? A: いいえ
352,Q: '方解石'は'ステンレス鋼'より固いか? A: いいえ
353,Q: '方解石'は'オルソクラーゼ'より固いか? A: いいえ
354,Q: '方解石'は'タンザナイト'より固いか? A: いいえ
355,Q: '方解石'は'ガラス'より固いか? A: いいえ
356,Q: '方解石'は'シルコン'より固いか? A: いいえ
357,Q: '方解石'は'アメジスト'より固いか? A: いいえ
358,Q: '方解石'は'石英'より固いか? A: いいえ
359,Q: '方解石'は'トパーズ'より固いか? A: いいえ
360,Q: '方解石'は'モイサナイト'より固いか? A: いいえ
361,Q: '方解石'は'炭化シリコン'より固いか? A: いいえ
362,Q: '方解石'は'ダイヤモンド'より固いか? A: いいえ
363,Q: '銅'は'キャンドルワックス'より固いか? A: はい
364,Q: '銅'は'黒鉛'より固いか? A: はい
365,Q: '銅'は'タルク'より固いか? A: はい
366,Q: '銅'は'肌'より固いか? A: はい
367,Q: '銅'は'錫'より固いか? A: はい
368,Q: '銅'は'カルシウム'より固いか? A: はい
369,Q: '銅'は'石膏'より固いか? A: はい
370,Q: '銅'は'蛍石'より固いか? A: いいえ
371,Q: '銅'は'ニッケル'より固いか? A: いいえ
372,Q: '銅'は'普通の鋼'より固いか? A: いいえ
373,Q: '銅'は'白金'より固いか? A: いいえ
374,Q: '銅'は'鉄'より固いか? A: いいえ
375,Q: '銅'は'アパタイト'より固いか? A: いいえ
376,Q: '銅'は'黒曜石'より固いか? A: いいえ
377,Q: '銅'は'ステンレス鋼'より固いか? A: いいえ
378,Q: '銅'は'オルソクラーゼ'より固いか? A: いいえ
379,Q: '銅'は'タンザナイト'より固いか? A: いいえ
380,Q: '銅'は'ガラス'より固いか? A: いいえ
381,Q: '銅'は'シルコン'より固いか? A: いいえ
382,Q: '銅'は'アメジスト'より固いか? A: いいえ
383,Q: '銅'は'石英'より固いか? A: いいえ
384,Q: '銅'は'トパーズ'より固いか? A: いいえ
385,Q: '銅'は'モイサナイト'より固いか? A: いいえ
386,Q: '銅'は'炭化シリコン'より固いか? A: いいえ
387,Q: '銅'は'ダイヤモンド'より固いか? A: いいえ
388,Q: 'デンタ'は'キャンドルワックス'より固いか? A: はい
389,Q: 'デンタ'は'黒鉛'より固いか? A: はい
390,Q: 'デンタ'は'タルク'より固いか? A: はい
391,Q: 'デンタ'は'肌'より固いか? A: はい
392,Q: 'デンタ'は'錫'より固いか? A: はい
393,Q: 'デンタ'は'カルシウム'より固いか? A: はい
394,Q: 'デンタ'は'石膏'より固いか? A: はい
395,Q: 'デンタ'は'蛍石'より固いか? A: いいえ
396,Q: 'デンタ'は'ニッケル'より固いか? A: いいえ
397,Q: 'デンタ'は'普通の鋼'より固いか? A: いいえ
398,Q: 'デンタ'は'白金'より固いか? A: いいえ
399,Q: 'デンタ'は'鉄'より固いか? A: いいえ
400,Q: 'デンタ'は'アパタイト'より固いか? A: いいえ
401,Q: 'デンタ'は'黒曜石'より固いか? A: いいえ
402,Q: 'デンタ'は'ステンレス鋼'より固いか? A: いいえ
403,Q: 'デンタ'は'オルソクラーゼ'より固いか? A: いいえ
404,Q: 'デンタ'は'タンザナイト'より固いか? A: いいえ
405,Q: 'デンタ'は'ガラス'より固いか? A: いいえ
406,Q: 'デンタ'は'シルコン'より固いか? A: いいえ
407,Q: 'デンタ'は'アメジスト'より固いか? A: いいえ
408,Q: 'デンタ'は'石英'より固いか? A: いいえ
409,Q: 'デンタ'は'トパーズ，黄玉'より固いか? A: いいえ
410,Q: 'denti'は'モイサナイト'より固いか? A: いいえ
411,Q: 'デンタ'は'炭化シリコン'より固いか? A: いいえ
412,Q: 'デンタ'は'ダイヤモンド'より固いか? A: いいえ
413,Q: 'パール'は'キャンドルワックス'より固いか? A: はい
414,Q: 'パール'は'黒鉛'より固いか? A: はい
415,Q: 'パール'は'タルク'より固いか? A: はい
416,Q: 'パール'は'肌'より固いか? A: はい
417,Q: 'パール'は'錫'より固いか? A: はい
418,Q: 'パール'は'カルシウム'より固いか? A: はい
419,Q: 'パール'は'石膏'より固いか? A: はい
420,Q: 'パール'は'蛍石'より固いか? A: いいえ
421,Q: 'パール'は'ニッケル'より固いか? A: いいえ
422,Q: 'パール'は'普通の鋼'より固いか? A: いいえ
423,Q: 'パール'は'白金'より固いか? A: いいえ
424,Q: 'パール'は'鉄'より固いか? A: いいえ
425,Q: 'パール'は'アパタイト'より固いか? A: いいえ
426,Q: 'パール'は'黒曜石'より固いか? A: いいえ
427,Q: 'パール'は'ステンレス鋼'より固いか? A: いいえ
428,Q: 'パール'は'オルソクラーゼ'より固いか? A: いいえ
429,Q: 'パール'は'タンザナイト'より固いか? A: いいえ
430,Q: 'パール'は'ガラス'より固いか? A: いいえ
431,Q: 'パール'は'シルコン'より固いか? A: いいえ
432,Q: 'パール'は'アメジスト'より固いか? A: いいえ
433,Q: 'パール'は'石英'より固いか? A: いいえ
434,Q: 'パール'は'トパーズ'より固いか? A: いいえ
435,Q: 'パール'は'モイサナイト'より固いか? A: いいえ
436,Q: 'パール'は'炭化ケイ素'より固いか? A: いいえ
437,Q: 'パール'は'ダイヤモンド'より固いか? A: いいえ
438,Q: 'シェル'は'キャンドルワックス'より固いか? A: はい
439,Q: 'シェル'は'黒鉛'より固いか? A: はい
440,Q: 'シェル'は'タルク'より固いか? A: はい
441,Q: 'シェル'は'肌'より固いか? A: はい
442,Q: 'シェル'は'錫'より固いか? A: はい
443,Q: 'シェル'は'カルシウム'より固いか? A: はい
444,Q: 'シェル'は'石膏'より固いか? A: はい
445,Q: 'シェル'は'爪'より固いか? A: はい
446,Q: 'シェル'は'氷'より固いか? A: はい
447,Q: 'シェル'は'アルミニウム'より固いか? A: はい
448,Q: 'シェル'は'金'より固いか? A: はい
449,Q: 'シェル'は'銀'より固いか? A: はい
450,Q: 'シェル'は'普通の鋼'より固いか? A: いいえ
451,Q: 'シェル'は'白金'より固いか? A: いいえ
452,Q: 'シェル'は'鉄'より固いか? A: いいえ
453,Q: 'シェル'は'アパタイト'より固いか? A: いいえ
454,Q: 'シェル'は'黒曜石'より固いか? A: いいえ
455,Q: 'シェル'は'ステンレス鋼'より固いか? A: いいえ
456,Q: 'シェル'は'オルソクラーゼ'より固いか? A: いいえ
457,Q: 'シェル'は'タンザナイト'より固いか? A: いいえ
458,Q: 'シェル'は'ガラス'より固いか? A: いいえ
459,Q: 'シェル'は'シルコン'より固いか? A: いいえ
460,Q: 'シェル'は'アメジスト'より固いか? A: いいえ
461,Q: 'シェル'は'石英'より固いか? A: いいえ
462,Q: 'シェル'は'トパーズ'より固いか? A: いいえ
463,Q: 'シェル'は'モイサナイト'より固いか? A: いいえ
464,Q: 'シェル'は'炭化シリコン'より固いか? A: いいえ
465,Q: 'シェル'は'ダイヤモンド'より固いか? A: いいえ
466,Q: '蛍石'は'キャンドルワックス'より固いか? A: はい
467,Q: '蛍石'は'黒鉛'より固いか? A: はい
468,Q: '蛍石'は'タルク'より固いか? A: はい
469,Q: '蛍石'は'肌'より固いか? A: はい
470,Q: '蛍石'は'錫'より固いか? A: はい
471,Q: '蛍石'は'カルシウム'より固いか? A: はい
472,Q: '蛍石'は'石膏'より固いか? A: はい
473,Q: '蛍石'は'爪'より固いか? A: はい
474,Q: '蛍石'は'氷'より固いか? A: はい
475,Q: '蛍石'は'アルミニウム'より固いか? A: はい
476,Q: '蛍石'は'金'より固いか? A: はい
477,Q: '蛍石'は'銀'より固いか? A: はい
478,Q: '蛍石'は'方解石'より固いか? A: はい
479,Q: '蛍石'は'銅'より固いか? A: はい
480,Q: '蛍石'は'デンタ'より固いか? A: はい
481,Q: '蛍石'は'パール'より固いか? A: はい
482,Q: '蛍石'は'アパタイト'より固いか? A: いいえ
483,Q: '蛍石'は'黒曜石'より固いか? A: いいえ
484,Q: '蛍石'は'ステンレス鋼'より固いか? A: いいえ
485,Q: '蛍石'は'オルソクラーゼ'より固いか? A: いいえ
486,Q: '蛍石'は'タンザナイト'より固いか? A: いいえ
487,Q: '蛍石'は'ガラス'より固いか? A: いいえ
488,Q: '蛍石'は'シルコン'より固いか? A: いいえ
489,Q: '蛍石'は'アメジスト'より固いか? A: いいえ
490,Q: '蛍石'は'石英'より固いか? A: いいえ
491,Q: '蛍石'は'トパーズ'より固いか? A: いいえ
492,Q: '蛍石'は'モイサナイト'より固いか? A: いいえ
493,Q: '蛍石'は'炭化シリコン'より固いか? A: いいえ
494,Q: '蛍石'は'ダイヤモンド'より固いか? A: いいえ
495,Q: 'ニッケル'は'キャンドルワックス'より固いか? A: はい
496,Q: 'ニッケル'は'黒鉛'より固いか? A: はい
497,Q: 'ニッケル'は'タルク'より固いか? A: はい
498,Q: 'ニッケル'は'肌'より固いか? A: はい
499,Q: 'ニッケル'は'錫'より固いか? A: はい
500,Q: 'ニッケル'は'カルシウム'より固いか? A: はい
501,Q: 'ニッケル'は'石膏'より固いか? A: はい
502,Q: 'ニッケル'は'爪'より固いか? A: はい
503,Q: 'ニッケル'は'氷'より固いか? A: はい
504,Q: 'ニッケル'は'アルミニウム'より固いか? A: はい
505,Q: 'ニッケル'は'金'より固いか? A: はい
506,Q: 'ニッケル'は'銀'より固いか? A: はい
507,Q: 'ニッケル'は'方解石'より固いか? A: はい
508,Q: 'ニッケル'は'銅'より固いか? A: はい
509,Q: 'ニッケル'は'デンタ'より固いか? A: はい
510,Q: 'ニッケル'は'パール'より固いか? A: はい
511,Q: 'ニッケル'は'アパタイト'より固いか? A: いいえ
512,Q: 'ニッケル'は'黒曜石'より固いか? A: いいえ
513,Q: 'ニッケル'は'ステンレス鋼'より固いか? A: いいえ
514,Q: 'ニッケル'は'オルソクラーゼ'より固いか? A: いいえ
515,Q: 'ニッケル'は'タンザナイト'より固いか? A: いいえ
516,Q: 'ニッケル'は'ガラス'より固いか? A: いいえ
517,Q: 'ニッケル'は'シリコン'より固いか? A: いいえ
518,Q: 'ニッケル'は'アメジスト'より固いか? A: いいえ
519,Q: 'ニッケル'は'石英'より固いか? A: いいえ
520,Q: 'ニッケル'は'トパーズ'より固いか? A: いいえ
521,Q: 'ニッケル'は'モイサナイト'より固いか? A: いいえ
522,Q: 'ニッケル'は'炭化シリコン'より固いか? A: いいえ
523,Q: 'ニッケル'は'ダイヤモンド'より固いか? A: いいえ
524,Q: '普通の鋼'は'キャンドルワックス'より固いか? A: はい
525,Q: '普通の鋼'は'黒鉛'より固いか? A: はい
526,Q: '普通の鋼'は'タルク'より固いか? A: はい
527,Q: '普通の鋼'は'肌'より固いか? A: はい
528,Q: '普通の鋼'は'錫'より固いか? A: はい
529,Q: '普通の鋼'は'カルシウム'より固いか? A: はい
530,Q: '普通の鋼'は'石膏'より固いか? A: はい
531,Q: '普通の鋼'は'爪'より固いか? A: はい
532,Q: '普通の鋼'は'氷'より固いか? A: はい
533,Q: '普通の鋼'は'アルミニウム'より固いか? A: はい
534,Q: '普通の鋼'は'金'より固いか? A: はい
535,Q: '普通の鋼'は'銀'より固いか? A: はい
536,Q: '普通の鋼'は'方解石'より固いか? A: はい
537,Q: '普通の鋼'は'銅'より固いか? A: はい
538,Q: '普通の鋼'は'デンタ'より固いか? A: はい
539,Q: '普通の鋼'は'パール'より固いか? A: はい
540,Q: '普通の鋼'は'シェル'より固いか? A: はい
541,Q: '普通の鋼'は'アパタイト'より固いか? A: いいえ
542,Q: '普通の鋼'は'黒曜石'より固いか? A: いいえ
543,Q: '普通の鋼'は'ステンレス鋼'より固いか? A: いいえ
544,Q: '普通の鋼'は'オルソクラーゼ'より固いか? A: いいえ
545,Q: '普通の鋼'は'タンザナイト'より固いか? A: いいえ
546,Q: '普通の鋼'は'ガラス'より固いか? A: いいえ
547,Q: '普通鋼'は'シルコン'より固いか? A: いいえ
548,Q: '普通の鋼'は'アメジスト'より固いか? A: いいえ
549,Q: '普通の鋼'は'石英'より固いか? A: いいえ
550,Q: '普通の鋼'は'トパーズ'より固いか? A: いいえ
551,Q: '普通の鋼'は'モイサナイト'より固いか? A: いいえ
552,Q: '普通の鋼'は'炭化シリコン'より固いか? A: いいえ
553,Q: '普通の鋼'は'ダイヤモンド'より固いか? A: いいえ
554,Q: '白金'は'キャンドルワックス'より固いか? A: はい
555,Q: '白金'は'黒鉛'より固いか? A: はい
556,Q: '白金'は'タルク'より固いか? A: はい
557,Q: '白金'は'肌'より固いか? A: はい
558,Q: '白金'は'錫'より固いか? A: はい
559,Q: '白金'は'カルシウム'より固いか? A: はい
560,Q: '白金'は'石膏'より固いか? A: はい
561,Q: '白金'は'爪'より固いか? A: はい
562,Q: '白金'は'氷'より固いか? A: はい
563,Q: '白金'は'アルミニウム'より固いか? A: はい
564,Q: '白金'は'金'より固いか? A: はい
565,Q: '白金'は'銀'より固いか? A: はい
566,Q: '白金'は'方解石'より固いか? A: はい
567,Q: '白金'は'銅'より固いか? A: はい
568,Q: '白金'は'デンタ'より固いか? A: はい
569,Q: '白金'は'パール'より固いか? A: はい
570,Q: '白金'は'シェル'より固いか? A: はい
571,Q: '白金'は'アパタイト'より固いか? A: いいえ
572,Q: '白金'は'黒曜石'より固いか? A: いいえ
573,Q: '白金'は'ステンレス鋼'より固いか? A: いいえ
574,Q: '白金'は'オルソクラーゼ'より固いか? A: いいえ
575,Q: '白金'は'タンザナイト'より固いか? A: いいえ
576,Q: '白金'は'ガラス'より固いか? A: いいえ
577,Q: '白金'は'シルコン'より固いか? A: いいえ
578,Q: '白金'は'アメジスト'より固いか? A: いいえ
579,Q: '白金'は'石英'より固いか? A: いいえ
580,Q: '白金'は'トパーズ'より固いか? A: いいえ
581,Q: '白金'は'モイサナイト'より固いか? A: いいえ
582,Q: '白金'は'炭化シリコン'より固いか? A: いいえ
583,Q: '白金'は'ダイヤモンド'より固いか? A: いいえ
584,Q: '鉄'は'キャンドルワックス'より固いか? A: はい
585,Q: '鉄'は'黒鉛'より固いか? A: はい
586,Q: '鉄'は'タルク'より固いか? A: はい
587,Q: '鉄'は'肌'より固いか? A: はい
588,Q: '鉄'は'錫'より固いか? A: はい
589,Q: '鉄'は'カルシウム'より固いか? A: はい
590,Q: '鉄'は'石膏'より固いか? A: はい
591,Q: '鉄'は'爪'より固いか? A: はい
592,Q: '鉄'は'氷'より固いか? A: はい
593,Q: '鉄'は'アルミニウム'より固いか? A: はい
594,Q: '鉄'は'金'より固いか? A: はい
595,Q: '鉄'は'銀'より固いか? A: はい
596,Q: '鉄'は'方解石'より固いか? A: はい
597,Q: '鉄'は'銅'より固いか? A: はい
598,Q: '鉄'は'デンタ'より固いか? A: はい
599,Q: '鉄'は'パール'より固いか? A: はい
600,Q: '鉄'は'シェル'より固いか? A: はい
601,Q: '鉄'は'黒曜石'より固いか? A: いいえ
602,Q: '鉄'は'ステンレス鋼'より固いか? A: いいえ
603,Q: '鉄'は'オルソクラーゼ'より固いか? A: いいえ
604,Q: '鉄'は'タンザナイト'より固いか? A: いいえ
605,Q: '鉄'は'ガラス'より固いか? A: いいえ
606,Q: '鉄'は'シルコン'より固いか? A: いいえ
607,Q: '鉄'は'アメジスト'より固いか? A: いいえ
608,Q: '鉄'は'石英'より固いか? A: いいえ
609,Q: '鉄'は'トパーズ'より固いか? A: いいえ
610,Q: '鉄'は'モイサナイト'より固いか? A: いいえ
611,Q: '鉄'は'炭化シリコン'より固いか? A: いいえ
612,Q: '鉄'は'ダイヤモンド'より固いか? A: いいえ
613,Q: 'アパタイト'は'キャンドルワックス'より固いか? A: はい
614,Q: 'アパタイト'は'黒鉛'より固いか? A: はい
615,Q: 'アパタイト'は'タルク'より固いか? A: はい
616,Q: 'アパタイト'は'肌'より固いか? A: はい
617,Q: 'アパタイト'は'錫'より固いか? A: はい
618,Q: 'アパタイト'は'カルシウム'より固いか? A: はい
619,Q: 'アパタイト'は'石膏'より固いか? A: はい
620,Q: 'アパタイト'は'爪'より固いか? A: はい
621,Q: 'アパタイト'は'氷'より固いか? A: はい
622,Q: 'アパタイト'は'アルミニウム'より固いか? A: はい
623,Q: 'アパタイト'は'金'より固いか? A: はい
624,Q: 'アパタイト'は'銀'より固いか? A: はい
625,Q: 'アパタイト'は'方解石'より固いか? A: はい
626,Q: 'アパタイト'は'銅'より固いか? A: はい
627,Q: 'アパタイト'は'デンタ'より固いか? A: はい
628,Q: 'アパタイト'は'パール'より固いか? A: はい
629,Q: 'アパタイト'は'シェル'より固いか? A: はい
630,Q: 'アパタイト'は'蛍石'より固いか? A: はい
631,Q: 'アパタイト'は'ニッケル'より固いか? A: はい
632,Q: 'アパタイト'は'普通の鋼'より固いか? A: はい
633,Q: 'アパタイト'は'白金'より固いか? A: はい
634,Q: 'アパタイト'は'オルソクラーゼ'より固いか? A: いいえ
635,Q: 'アパタイト'は'タンザナイト'より固いか? A: いいえ
636,Q: 'アパタイト'は'ガラス'より固いか? A: いいえ
637,Q: 'アパタイト'は'シルコン'より固いか? A: いいえ
638,Q: 'アパタイト'は'アメジスト'より固いか? A: いいえ
639,Q: 'アパタイト'は'石英'より固いか? A: いいえ
640,Q: 'アパタイト'は'トパーズ'より固いか? A: いいえ
641,Q: 'アパタイト'は'モイサナイト'より固いか? A: いいえ
642,Q: 'アパタイト'は'炭化シリコン'より固いか? A: いいえ
643,Q: 'アパタイト'は'ダイヤモンド'より固いか? A: いいえ
644,Q: '黒曜石'は'キャンドルワックス'より固いか? A: はい
645,Q: '黒曜石'は'黒鉛'より固いか? A: はい
646,Q: '黒曜石'は'タルク'より固いか? A: はい
647,Q: '黒曜石'は'肌'より固いか? A: はい
648,Q: '黒曜石'は'錫'より固いか? A: はい
649,Q: '黒曜石'は'カルシウム'より固いか? A: はい
650,Q: '黒曜石'は'石膏'より固いか? A: はい
651,Q: '黒曜石'は'爪'より固いか? A: はい
652,Q: '黒曜石'は'氷'より固いか? A: はい
653,Q: '黒曜石'は'アルミニウム'より固いか? A: はい
654,Q: '黒曜石'は'金'より固いか? A: はい
655,Q: '黒曜石'は'銀'より固いか? A: はい
656,Q: '黒曜石'は'方解石'より固いか? A: はい
657,Q: '黒曜石'は'銅'より固いか? A: はい
658,Q: '黒曜石'は'デンタ'より固いか? A: はい
659,Q: '黒曜石'は'パール'より固いか? A: はい
660,Q: '黒曜石'は'シェル'より固いか? A: はい
661,Q: '黒曜石'は'蛍石'より固いか? A: はい
662,Q: '黒曜石'は'ニッケル'より固いか? A: はい
663,Q: '黒曜石'は'普通の鋼'より固いか? A: はい
664,Q: '黒曜石'は'白金'より固いか? A: はい
665,Q: '黒曜石'は'鉄'より固いか? A: はい
666,Q: '黒曜石'は'ガラス'より固いか? A: いいえ
667,Q: '黒曜石'は'シルコン'より固いか? A: いいえ
668,Q: '黒曜石'は'アメジスト'より固いか? A: いいえ
669,Q: '黒曜石'は'石英'より固いか? A: いいえ
670,Q: '黒曜石'は'トパーズ'より固いか? A: いいえ
671,Q: '黒曜石'は'モイサナイト'より固いか? A: いいえ
672,Q: '黒曜石'は'炭化シリコン'より固いか? A: いいえ
673,Q: '黒曜石'は'ダイヤモンド'より固いか? A: いいえ
674,Q: 'ステンレス鋼'は'キャンドルワックス'より固いか? A: はい
675,Q: 'ステンレス鋼'は'黒鉛'より固いか? A: はい
676,Q: 'ステンレス鋼'は'タルク'より固いか? A: はい
677,Q: 'ステンレス鋼'は'肌'より固いか? A: はい
678,Q: 'ステンレス鋼'は'錫'より固いか? A: はい
679,Q: 'ステンレス鋼'は'カルシウム'より固いか? A: はい
680,Q: 'ステンレス鋼'は'石膏'より固いか? A: はい
681,Q: 'ステンレス鋼'は'爪'より固いか? A: はい
682,Q: 'ステンレス鋼'は'氷'より固いか? A: はい
683,Q: 'ステンレス鋼'は'アルミニウム'より固いか? A: はい
684,Q: 'ステンレス鋼'は'金'より固いか? A: はい
685,Q: 'ステンレス鋼'は'銀'より固いか? A: はい
686,Q: 'ステンレス鋼'は'方解石'より固いか? A: はい
687,Q: 'ステンレス鋼'は'銅'より固いか? A: はい
688,Q: 'ステンレス鋼'は'デンタ'より固いか? A: はい
689,Q: 'ステンレス鋼'は'パール'より固いか? A: はい
690,Q: 'ステンレス鋼'は'シェル'より固いか? A: はい
691,Q: 'ステンレス鋼'は'蛍石'より固いか? A: はい
692,Q: 'ステンレス鋼'は'ニッケル'より固いか? A: はい
693,Q: 'ステンレス鋼'は'普通の鋼'より固いか? A: はい
694,Q: 'ステンレス鋼'は'白金'より固いか? A: はい
695,Q: 'ステンレス鋼'は'鉄'より固いか? A: はい
696,Q: 'ステンレス鋼'は'ガラス'より固いか? A: いいえ
697,Q: 'ステンレス鋼'は'シルコン'より固いか? A: いいえ
698,Q: 'ステンレス鋼'は'アメジスト'より固いか? A: いいえ
699,Q: 'ステンレス鋼'は'石英'より固いか? A: いいえ
700,Q: 'ステンレス鋼'は'トパーズ'より固いか? A: いいえ
701,Q: 'ステンレス鋼'は'モイサナイト'より固いか? A: いいえ
702,Q: 'ステンレス鋼'は'炭化シリコン'より固いか? A: いいえ
703,Q: 'ステンレス鋼'は'ダイヤモンド'より固いか? A: いいえ
704,Q: 'オルソクラーゼ'は'キャンドルワックス'より固いか? A: はい
705,Q: 'オルソクラーゼ'は'黒鉛'より固いか? A: はい
706,Q: 'オルソクラーゼ'は'タルク'より固いか? A: はい
707,Q: 'オルソクラーゼ'は'肌'より固いか? A: はい
708,Q: 'オルソクラーゼ'は'錫'より固いか? A: はい
709,Q: 'オルソクラーゼ'は'カルシウム'より固いか? A: はい
710,Q: 'オルソクラーゼ'は'石膏'より固いか? A: はい
711,Q: 'オルソクラーゼ'は'爪'より固いか? A: はい
712,Q: 'オルソクラーゼ'は'氷'より固いか? A: はい
713,Q: 'オルソクラーゼ'は'アルミニウム'より固いか? A: はい
714,Q: 'オルソクラーゼ'は'金'より固いか? A: はい
715,Q: 'オルソクラーゼ'は'銀'より固いか? A: はい
716,Q: 'オルソクラーゼ'は'方解石'より固いか? A: はい
717,Q: 'オルソクラーゼ'は'銅'より固いか? A: はい
718,Q: 'オルソクラーゼ'は'デンタ'より固いか? A: はい
719,Q: 'オルソクラーゼ'は'パール'より固いか? A: はい
720,Q: 'オルソクラーゼ'は'シェル'より固いか? A: はい
721,Q: 'オルソクラーゼ'は'蛍石'より固いか? A: はい
722,Q: 'オルソクラーゼ'は'ニッケル'より固いか? A: はい
723,Q: 'オルソクラーゼ'は'普通の鋼'より固いか? A: はい
724,Q: 'オルソクラーゼ'は'白金'より固いか? A: はい
725,Q: 'オルソクラーゼ'は'鉄'より固いか? A: はい
726,Q: 'オルソクラーゼ'は'アパタイト'より固いか? A: はい
727,Q: 'オルソクラーゼ'は'アメジスト'より固いか? A: いいえ
728,Q: 'オルソクラーゼ'は'石英'より固いか? A: いいえ
729,Q: 'オルソクラーゼ'は'トパーズ'より固いか? A: いいえ
730,Q: 'オルソクラーゼ'は'モイサナイト'より固いか? A: いいえ
731,Q: 'オルソクラーゼ'は'炭化シリコン'より固いか? A: いいえ
732,Q: 'オルソクラーゼ'は'ダイヤモンド'より固いか? A: いいえ
733,Q: 'タンザナイト'は'キャンドルワックス'より固いか? A: はい
734,Q: 'タンザナイト'は'黒鉛'より固いか? A: はい
735,Q: 'タンザナイト'は'タルク'より固いか? A: はい
736,Q: 'タンザナイト'は'肌'より固いか? A: はい
737,Q: 'タンザナイト'は'錫'より固いか? A: はい
738,Q: 'タンザナイト'は'カルシウム'より固いか? A: はい
739,Q: 'タンザナイト'は'石膏'より固いか? A: はい
740,Q: 'タンザナイト'は'爪'より固いか? A: はい
741,Q: 'タンザナイト'は'氷'より固いか? A: はい
742,Q: 'タンザナイト'は'アルミニウム'より固いか? A: はい
743,Q: 'タンザナイト'は'金'より固いか? A: はい
744,Q: 'タンザナイト'は'銀'より固いか? A: はい
745,Q: 'タンザナイト'は'方解石'より固いか? A: はい
746,Q: 'タンザナイト'は'銅'より固いか? A: はい
747,Q: 'タンザナイト'は'デンタ'より固いか? A: はい
748,Q: 'タンザナイト'は'パール'より固いか? A: はい
749,Q: 'タンザナイト'は'シェル'より固いか? A: はい
750,Q: 'タンザナイト'は'蛍石'より固いか? A: はい
751,Q: 'タンザナイト'は'ニッケル'より固いか? A: はい
752,Q: 'タンザナイト'は'普通の鋼'より固いか? A: はい
753,Q: 'タンザナイト'は'白金'より固いか? A: はい
754,Q: 'タンザナイト'は'鉄'より固いか? A: はい
755,Q: 'タンザナイト'は'アパタイト'より固いか? A: はい
756,Q: 'タンザナイト'は'アメジスト'より固いか? A: いいえ
757,Q: 'タンザナイト'は'石英'より固いか? A: いいえ
758,Q: 'タンザナイト'は'トパーズ'より固いか? A: いいえ
759,Q: 'タンザナイト'は'モイサナイト'より固いか? A: いいえ
760,Q: 'タンザナイト'は'炭化シリコン'より固いか? A: いいえ
761,Q: 'タンザナイト'は'ダイヤモンド'より固いか? A: いいえ
762,Q: 'ガラス'は'キャンドルワックス'より固いか? A: はい
763,Q: 'ガラス'は'黒鉛'より固いか? A: はい
764,Q: 'ガラス'は'タルク'より固いか? A: はい
765,Q: 'ガラス'は'肌'より固いか? A: はい
766,Q: 'ガラス'は'錫'より固いか? A: はい
767,Q: 'ガラス'は'カルシウム'より固いか? A: はい
768,Q: 'ガラス'は'石膏'より固いか? A: はい
769,Q: 'ガラス'は'爪'より固いか? A: はい
770,Q: 'ガラス'は'氷'より固いか? A: はい
771,Q: 'ガラス'は'アルミニウム'より固いか? A: はい
772,Q: 'ガラス'は'金'より固いか? A: はい
773,Q: 'ガラス'は'銀'より固いか? A: はい
774,Q: 'ガラス'は'方解石'より固いか? A: はい
775,Q: 'ガラス'は'銅'より固いか? A: はい
776,Q: 'ガラス'は'デンタ'より固いか? A: はい
777,Q: 'ガラス'は'パール'より固いか? A: はい
778,Q: 'ガラス'は'シェル'より固いか? A: はい
779,Q: 'ガラス'は'蛍石'より固いか? A: はい
780,Q: 'ガラス'は'ニッケル'より固いか? A: はい
781,Q: 'ガラス'は'普通の鋼'より固いか? A: はい
782,Q: 'ガラス'は'白金'より固いか? A: はい
783,Q: 'ガラス'は'鉄'より固いか? A: はい
784,Q: 'ガラス'は'アパタイト'より固いか? A: はい
785,Q: 'ガラス'は'黒曜石'より固いか? A: はい
786,Q: 'ガラス'は'ステンレス鋼'より固いか? A: はい
787,Q: 'ガラス'は'トパーズ'より固いか? A: いいえ
788,Q: 'ガラス'は'モイサナイト'より固いか? A: いいえ
789,Q: 'ガラス'は'炭化シリコン'より固いか? A: いいえ
790,Q: 'ガラス'は'ダイヤモンド'より固いか? A: いいえ
791,Q: 'シルコン'は'キャンドルワックス'より固いか? A: はい
792,Q: 'シルコン'は'黒鉛'より固いか? A: はい
793,Q: 'シルコン'は'タルク'より固いか? A: はい
794,Q: 'シルコン'は'肌'より固いか? A: はい
795,Q: 'シルコン'は'錫'より固いか? A: はい
796,Q: 'シルコン'は'カルシウム'より固いか? A: はい
797,Q: 'シルコン'は'石膏'より固いか? A: はい
798,Q: 'シルコン'は'爪'より固いか? A: はい
799,Q: 'シルコン'は'氷'より固いか? A: はい
800,Q: 'シルコン'は'アルミニウム'より固いか? A: はい
801,Q: 'シルコン'は'金'より固いか? A: はい
802,Q: 'シルコン'は'銀'より固いか? A: はい
803,Q: 'シルコン'は'方解石'より固いか? A: はい
804,Q: 'シルコン'は'銅'より固いか? A: はい
805,Q: 'シルコン'は'デンタ'より固いか? A: はい
806,Q: 'シルコン'は'パール'より固いか? A: はい
807,Q: 'シルコン'は'シェル'より固いか? A: はい
808,Q: 'シルコン'は'蛍石'より固いか? A: はい
809,Q: 'シルコン'は'ニッケル'より固いか? A: はい
810,Q: 'シルコン'は'普通鋼'より固いか? A: はい
811,Q: 'シルコン'は'白金'より固いか? A: はい
812,Q: 'シルコン'は'鉄'より固いか? A: はい
813,Q: 'シルコン'は'アパタイト'より固いか? A: はい
814,Q: 'シルコン'は'黒曜石'より固いか? A: はい
815,Q: 'シルコン'は'ステンレス鋼'より固いか? A: はい
816,Q: 'シルコン'は'トパーズ'より固いか? A: いいえ
817,Q: 'シルコン'は'モイサナイト'より固いか? A: いいえ
818,Q: 'シルコン'は'炭化シリコン'より固いか? A: いいえ
819,Q: 'シルコン'は'ダイヤモンド'より固いか? A: いいえ
820,Q: 'アメジスト'は'キャンドルワックス'より固いか? A: はい
821,Q: 'アメジスト'は'黒鉛'より固いか? A: はい
822,Q: 'アメジスト'は'タルク'より固いか? A: はい
823,Q: 'アメジスト'は'肌'より固いか? A: はい
824,Q: 'アメジスト'は'錫'より固いか? A: はい
825,Q: 'アメジスト'は'カルシウム'より固いか? A: はい
826,Q: 'アメジスト'は'石膏'より固いか? A: はい
827,Q: 'アメジスト'は'爪'より固いか? A: はい
828,Q: 'アメジスト'は'氷'より固いか? A: はい
829,Q: 'アメジスト'は'アルミニウム'より固いか? A: はい
830,Q: 'アメジスト'は'金'より固いか? A: はい
831,Q: 'アメジスト'は'銀'より固いか? A: はい
832,Q: 'アメジスト'は'方解石'より固いか? A: はい
833,Q: 'アメジスト'は'銅'より固いか? A: はい
834,Q: 'アメジスト'は'デンタ'より固いか? A: はい
835,Q: 'アメジスト'は'パール'より固いか? A: はい
836,Q: 'アメジスト'は'シェル'より固いか? A: はい
837,Q: 'アメジスト'は'蛍石'より固いか? A: はい
838,Q: 'アメジスト'は'ニッケル'より固いか? A: はい
839,Q: 'アメジスト'は'普通の鋼'より固いか? A: はい
840,Q: 'アメジスト'は'白金'より固いか? A: はい
841,Q: 'アメジスト'は'鉄'より固いか? A: はい
842,Q: 'アメジスト'は'アパタイト'より固いか? A: はい
843,Q: 'アメジスト'は'黒曜石'より固いか? A: はい
844,Q: 'アメジスト'は'ステンレス鋼'より固いか? A: はい
845,Q: 'アメジスト'は'オルソクラーゼ'より固いか? A: はい
846,Q: 'アメジスト'は'タンザナイト'より固いか? A: はい
847,Q: 'アメジスト'は'トパーズ'より固いか? A: いいえ
848,Q: 'アメジスト'は'モイサナイト'より固いか? A: いいえ
849,Q: 'アメジスト'は'炭化シリコン'より固いか? A: いいえ
850,Q: 'アメジスト'は'ダイヤモンド'より固いか? A: いいえ
851,Q: '石英'は'キャンドルワックス'より固いか? A: はい
852,Q: '石英'は'黒鉛'より固いか? A: はい
853,Q: '石英'は'タルク'より固いか? A: はい
854,Q: '石英'は'肌'より固いか? A: はい
855,Q: '石英'は'錫'より固いか? A: はい
856,Q: '石英'は'カルシウム'より固いか? A: はい
857,Q: '石英'は'石膏'より固いか? A: はい
858,Q: '石英'は'爪'より固いか? A: はい
859,Q: '石英'は'氷'より固いか? A: はい
860,Q: '石英'は'アルミニウム'より固いか? A: はい
861,Q: '石英'は'金'より固いか? A: はい
862,Q: '石英'は'銀'より固いか? A: はい
863,Q: 'クォーツ'は'方解石'より固いか? A: はい
864,Q: '石英'は'銅'より固いか? A: はい
865,Q: '石英'は'デンタ'より固いか? A: はい
866,Q: '石英'は'パール'より固いか? A: はい
867,Q: '石英'は'シェル'より固いか? A: はい
868,Q: '石英'は'蛍石'より固いか? A: はい
869,Q: '石英'は'ニッケル'より固いか? A: はい
870,Q: '石英'は'普通の鋼'より固いか? A: はい
871,Q: '石英'は'白金'より固いか? A: はい
872,Q: '石英'は'鉄'より固いか? A: はい
873,Q: '石英'は'アパタイト'より固いか? A: はい
874,Q: '石英'は'黒曜石'より固いか? A: はい
875,Q: '石英'は'ステンレス鋼'より固いか? A: はい
876,Q: '石英'は'オルソクラーゼ'より固いか? A: はい
877,Q: '石英'は'タンザナイト'より固いか? A: はい
878,Q: '石英'は'トパーズ'より固いか? A: いいえ
879,Q: '石英'は'モイサナイト'より固いか? A: いいえ
880,Q: '石英'は'炭化シリコン'より固いか? A: いいえ
881,Q: '石英'は'ダイヤモンド'より固いか? A: いいえ
882,Q: 'トパーズ'は'キャンドルワックス'より固いか? A: はい
883,Q: 'トパーズ'は'黒鉛'より固いか? A: はい
884,Q: 'トパーズ'は'タルク'より固いか? A: はい
885,Q: 'トパーズ'は'肌'より固いか? A: はい
886,Q: 'トパーズ'は'錫'より固いか? A: はい
887,Q: 'トパーズ'は'カルシウム'より固いか? A: はい
888,Q: 'トパーズ'は'石膏'より固いか? A: はい
889,Q: 'トパーズ'は'爪'より固いか? A: はい
890,Q: 'トパーズ'は'氷'より固いか? A: はい
891,Q: 'トパーズ'は'アルミニウム'より固いか? A: はい
892,Q: 'トパーズ'は'金'より固いか? A: はい
893,Q: 'トパーズ'は'銀'より固いか? A: はい
894,Q: 'トパーズ'は'方解石'より固いか? A: はい
895,Q: 'トパーズ'は'銅'より固いか? A: はい
896,Q: 'トパーズ'は'デンタ'より固いか? A: はい
897,Q: 'トパーズ'は'パール'より固いか? A: はい
898,Q: 'トパーズ'は'シェル'より固いか? A: はい
899,Q: 'トパーズ'は'蛍石'より固いか? A: はい
900,Q: 'トパーズ'は'ニッケル'より固いか? A: はい
901,Q: 'トパーズ'は'普通の鋼'より固いか? A: はい
902,Q: 'トパーズ'は'白金'より固いか? A: はい
903,Q: 'トパーズ'は'鉄'より固いか? A: はい
904,Q: 'トパーズ'は'アパタイト'より固いか? A: はい
905,Q: 'トパーズ'は'黒曜石'より固いか? A: はい
906,Q: 'トパーズ'は'ステンレス鋼'より固いか? A: はい
907,Q: 'トパーズ'は'オルソクラーゼ'より固いか? A: はい
908,Q: 'トパーズ'は'タンザナイト'より固いか? A: はい
909,Q: 'トパーズ'は'ガラス'より固いか? A: はい
910,Q: 'トパーズ'は'シルコン'より固いか? A: はい
911,Q: 'トパーズ'は'アメジスト'より固いか? A: はい
912,Q: 'トパーズ'は'石英'より固いか? A: はい
913,Q: 'トパーズ'は'モイサナイト'より固いか? A: いいえ
914,Q: 'トパーズ'は'炭化シリコン'より固いか? A: いいえ
915,Q: 'トパーズ'は'ダイヤモンド'より固いか? A: いいえ
916,Q: 'モイサナイト'は'キャンドルワックス'より固いか? A: はい
917,Q: 'モイサナイト'は'黒鉛'より固いか? A: はい
918,Q: 'モイサナイト'は'タルク'より固いか? A: はい
919,Q: 'モイサナイト'は'肌'より固いか? A: はい
920,Q: 'モイサナイト'は'錫'より固いか? A: はい
921,Q: 'モイサナイト'は'カルシウム'より固いか? A: はい
922,Q: 'モイサナイト'は'石膏'より固いか? A: はい
923,Q: 'モイサナイト'は'爪'より固いか? A: はい
924,Q: 'モイサナイト'は'氷'より固いか? A: はい
925,Q: 'モイサナイト'は'アルミニウム'より固いか? A: はい
926,Q: 'モイサナイト'は'金'より固いか? A: はい
927,Q: 'モイサナイト'は'銀'より固いか? A: はい
928,Q: 'モイサナイト'は'方解石'より固いか? A: はい
929,Q: 'モイサナイト'は'銅'より固いか? A: はい
930,Q: 'モイサナイト'は'デンタ'より固いか? A: はい
931,Q: 'モイサナイト'は'パール'より固いか? A: はい
932,Q: 'モイサナイト'は'シェル'より固いか? A: はい
933,Q: 'モイサナイト'は'蛍石'より固いか? A: はい
934,Q: 'モイサナイト'は'ニッケル'より固いか? A: はい
935,Q: 'モイサナイト'は'普通の鋼'より固いか? A: はい
936,Q: 'モイサナイト'は'白金'より固いか? A: はい
937,Q: 'モイサナイト'は'鉄'より固いか? A: はい
938,Q: 'モイサナイト'は'アパタイト'より固いか? A: はい
939,Q: 'モイサナイト'は'黒曜石'より固いか? A: はい
940,Q: 'モイサナイト'は'ステンレス鋼'より固いか? A: はい
941,Q: 'モイサナイト'は'オルソクラーゼ'より固いか? A: はい
942,Q: 'モイサナイト'は'タンザナイト'より固いか? A: はい
943,Q: 'モイサナイト'は'ガラス'より固いか? A: はい
944,Q: 'モイサナイト'は'シルコン'より固いか? A: はい
945,Q: 'モイサナイト'は'アメジスト'より固いか? A: はい
946,Q: 'モイサナイト'は'石英'より固いか? A: はい
947,Q: 'モイサナイト'は'トパーズ'より固いか? A: はい
948,Q: 'モイサナイト'は'ダイヤモンド'より固いか? A: いいえ
949,Q: '炭化シリコン'は'キャンドルワックス'より固いか? A: はい
950,Q: '炭化シリコン'は'黒鉛'より固いか? A: はい
951,Q: '炭化シリコン'は'タルク'より固いか? A: はい
952,Q: '炭化シリコン'は'肌'より固いか? A: はい
953,Q: '炭化シリコン'は'錫'より固いか? A: はい
954,Q: '炭化シリコン'は'カルシウム'より固いか? A: はい
955,Q: '炭化シリコン'は'石膏'より固いか? A: はい
956,Q: '炭化シリコン'は'爪'より固いか? A: はい
957,Q: '炭化シリコン'は'氷'より固いか? A: はい
958,Q: '炭化シリコン'は'アルミニウム'より固いか? A: はい
959,Q: '炭化シリコン'は'金'より固いか? A: はい
960,Q: '炭化シリコン'は'銀'より固いか? A: はい
961,Q: '炭化シリコン'は'方解石'より固いか? A: はい
962,Q: '炭化シリコン'は'銅'より固いか? A: はい
963,Q: '炭化シリコン'は'デンタ'より固いか? A: はい
964,Q: '炭化シリコン'は'パール'より固いか? A: はい
965,Q: '炭化シリコン'は'シェル'より固いか? A: はい
966,Q: '炭化シリコン'は'蛍石'より固いか? A: はい
967,Q: '炭化シリコン'は'ニッケル'より固いか? A: はい
968,Q: '炭化シリコン'は'普通の鋼'より固いか? A: はい
969,Q: '炭化シリコン'は'白金'より固いか? A: はい
970,Q: '炭化シリコン'は'鉄'より固いか? A: はい
971,Q: '炭化シリコン'は'アパタイト'より固いか? A: はい
972,Q: '炭化シリコン'は'黒曜石'より固いか? A: はい
973,Q: '炭化シリコン'は'ステンレス鋼'より固いか? A: はい
974,Q: '炭化シリコン'は'オルソクラーゼ'より固いか? A: はい
975,Q: '炭化シリコン'は'タンザナイト'より固いか? A: はい
976,Q: '炭化シリコン'は'ガラス'より固いか? A: はい
977,Q: '炭化シリコン'は'シルコン'より固いか? A: はい
978,Q: '炭化シリコン'は'アメジスト'より固いか? A: はい
979,Q: '炭化シリコン'は'石英'より固いか? A: はい
980,Q: '炭化シリコン'は'トパーズ'より固いか? A: はい
981,Q: '炭化シリコン'は'ダイヤモンド'より固いか? A: いいえ
982,Q: 'ダイアモンド'は'キャンドルワックス'より固いか? A: はい
983,Q: 'ダイヤモンド'は'黒鉛'より固いか? A: はい
984,Q: 'ダイヤモンド'は'タルク'より固いか? A: はい
985,Q: 'ダイヤモンド'は'肌'より固いか? A: はい
986,Q: 'ダイヤモンド'は'錫'より固いか? A: はい
987,Q: 'ダイヤモンド'は'カルシウム'より固いか? A: はい
988,Q: 'ダイヤモンド'は'石膏'より固いか? A: はい
989,Q: 'ダイヤモンド'は'爪'より固いか? A: はい
990,Q: 'ダイヤモンド'は'氷'より固いか? A: はい
991,Q: 'ダイヤモンド'は'アルミニウム'より固いか? A: はい
992,Q: 'ダイヤモンド'は'金'より固いか? A: はい
993,Q: 'ダイヤモンド'は'銀'より固いか? A: はい
994,Q: 'ダイヤモンド'は'方解石'より固いか? A: はい
995,Q: 'ダイヤモンド'は'銅'より固いか? A: はい
996,Q: 'ダイヤモンド'は'デンタ'より固いか? A: はい
997,Q: 'ダイヤモンド'は'パール'より固いか? A: はい
998,Q: 'ダイヤモンド'は'シェル'より固いか? A: はい
999,Q: 'ダイヤモンド'は'蛍石'より固いか? A: はい
1000,Q: 'ダイヤモンド'は'ニッケル'より固いか? A: はい
1001,Q: 'ダイヤモンド'は'普通の鋼'より固いか? A: はい
1002,Q: 'ダイヤモンド'は'白金'より固いか? A: はい
1003,Q: 'ダイヤモンド'は'鉄'より固いか? A: はい
1004,Q: 'ダイヤモンド'は'アパタイト'より固いか? A: はい
1005,Q: 'ダイヤモンド'は'黒曜石'より固いか? A: はい
1006,Q: 'ダイヤモンド'は'ステンレス鋼'より固いか? A: はい
1007,Q: 'ダイヤモンド'は'オルソクラーゼ'より固いか? A: はい
1008,Q: 'ダイヤモンド'は'タンザナイト'より固いか? A: はい
1009,Q: 'ダイヤモンド'は'ガラス'より固いか? A: はい
1010,Q: 'ダイヤモンド'は'シルコン'より固いか? A: はい
1011,Q: 'ダイヤモンド'は'アメジスト'より固いか? A: はい
1012,Q: 'ダイヤモンド'は'石英'より固いか? A: はい
1013,Q: 'ダイヤモンド'は'トパーズ'より固いか? A: はい
1014,Q: 'ダイヤモンド'は'モイサナイト'より固いか? A: はい
1015,Q: 'ダイヤモンド'は'炭化シリコン'より固いか? A: はい
