0,Q: '蜡烛蜡'比'皮肤'硬吗? A: 否
1,Q: '蜡烛蜡'比'锡'硬吗? A: 否
2,Q: '蜡烛蜡'比'钙'硬吗? A: 否
3,Q: '蜡烛蜡'比'石膏'硬吗? A: 否
4,Q: '蜡烛蜡'比'指甲'硬吗? A: 否
5,Q: '蜡烛蜡'比'冰'硬吗? A: 否
6,Q: '蜡烛蜡'比'铝'硬吗? A: 否
7,Q: '蜡烛蜡'比'金子'硬吗? A: 否
8,Q: '蜡烛蜡'比'银'硬吗? A: 否
9,Q: '蜡烛蜡'比'方解石'硬吗? A: 否
10,Q: '蜡烛蜡'比'铜'硬吗? A: 否
11,Q: '蜡烛蜡'比'牙'硬吗? A: 否
12,Q: '蜡烛蜡'比'珍珠'硬吗? A: 否
13,Q: '蜡烛蜡'比'壳'硬吗? A: 否
14,Q: '蜡烛蜡'比'萤石'硬吗? A: 否
15,Q: '蜡烛蜡'比'镍'硬吗? A: 否
16,Q: '蜡烛蜡'比'普通钢'硬吗? A: 否
17,Q: '蜡烛蜡'比'铂'硬吗? A: 否
18,Q: '蜡烛蜡'比'铁'硬吗? A: 否
19,Q: '蜡烛蜡'比'磷灰石'硬吗? A: 否
20,Q: '蜡烛蜡'比'黑曜石'硬吗? A: 否
21,Q: '蜡烛蜡'比'不锈钢'硬吗? A: 否
22,Q: '蜡烛蜡'比'骨岩'硬吗? A: 否
23,Q: '蜡烛蜡'比'坦桑石'硬吗? A: 否
24,Q: '蜡烛蜡'比'玻璃'硬吗? A: 否
25,Q: '蜡烛蜡'比'西尔康'硬吗? A: 否
26,Q: '蜡烛蜡'比'紫晶'硬吗? A: 否
27,Q: '蜡烛蜡'比'石英'硬吗? A: 否
28,Q: '蜡烛蜡'比'黄玉'硬吗? A: 否
29,Q: '蜡烛蜡'比'Moissanite'硬吗? A: 否
30,Q: '蜡烛蜡'比'碳化硅'硬吗? A: 否
31,Q: '蜡烛蜡'比'钻石'硬吗? A: 否
32,Q: '石墨'比'钙'硬吗? A: 否
33,Q: '石墨'比'石膏'硬吗? A: 否
34,Q: '石墨'比'指甲'硬吗? A: 否
35,Q: '石墨'比'冰'硬吗? A: 否
36,Q: '石墨'比'铝'硬吗? A: 否
37,Q: '石墨'比'金子'硬吗? A: 否
38,Q: '石墨'比'银'硬吗? A: 否
39,Q: '石墨'比'方解石'硬吗? A: 否
40,Q: '石墨'比'铜'硬吗? A: 否
41,Q: '石墨'比'牙'硬吗? A: 否
42,Q: '石墨'比'珍珠'硬吗? A: 否
43,Q: '石墨'比'壳'硬吗? A: 否
44,Q: '石墨'比'萤石'硬吗? A: 否
45,Q: '石墨'比'镍'硬吗? A: 否
46,Q: '石墨'比'普通钢'硬吗? A: 否
47,Q: '石墨'比'铂'硬吗? A: 否
48,Q: '石墨'比'铁'硬吗? A: 否
49,Q: '石墨'比'磷灰石'硬吗? A: 否
50,Q: '石墨'比'黑曜石'硬吗? A: 否
51,Q: '石墨'比'不锈钢'硬吗? A: 否
52,Q: '石墨'比'骨岩'硬吗? A: 否
53,Q: '石墨'比'坦桑石'硬吗? A: 否
54,Q: '石墨'比'玻璃'硬吗? A: 否
55,Q: '石墨'比'西尔康'硬吗? A: 否
56,Q: '石墨'比'紫晶'硬吗? A: 否
57,Q: '石墨'比'石英'硬吗? A: 否
58,Q: '石墨'比'黄玉'硬吗? A: 否
59,Q: '石墨'比'Moissanite'硬吗? A: 否
60,Q: '石墨'比'碳化硅'硬吗? A: 否
61,Q: '石墨'比'钻石'硬吗? A: 否
62,Q: '滑石'比'钙'硬吗? A: 否
63,Q: '滑石'比'石膏'硬吗? A: 否
64,Q: '滑石'比'指甲'硬吗? A: 否
65,Q: '滑石'比'冰'硬吗? A: 否
66,Q: '滑石'比'铝'硬吗? A: 否
67,Q: '滑石'比'金子'硬吗? A: 否
68,Q: '滑石'比'银'硬吗? A: 否
69,Q: '滑石'比'方解石'硬吗? A: 否
70,Q: '滑石'比'铜'硬吗? A: 否
71,Q: '滑石'比'牙'硬吗? A: 否
72,Q: '滑石'比'珍珠'硬吗? A: 否
73,Q: '滑石'比'壳'硬吗? A: 否
74,Q: '滑石'比'萤石'硬吗? A: 否
75,Q: '滑石'比'镍'硬吗? A: 否
76,Q: '滑石'比'普通钢'硬吗? A: 否
77,Q: '滑石'比'铂'硬吗? A: 否
78,Q: '滑石'比'铁'硬吗? A: 否
79,Q: '滑石'比'磷灰石'硬吗? A: 否
80,Q: '滑石'比'黑曜石'硬吗? A: 否
81,Q: '滑石'比'不锈钢'硬吗? A: 否
82,Q: '滑石'比'骨岩'硬吗? A: 否
83,Q: '滑石'比'坦桑石'硬吗? A: 否
84,Q: '滑石'比'玻璃'硬吗? A: 否
85,Q: '滑石'比'西尔康'硬吗? A: 否
86,Q: '滑石'比'紫晶'硬吗? A: 否
87,Q: '滑石'比'石英'硬吗? A: 否
88,Q: '滑石'比'黄玉'硬吗? A: 否
89,Q: '滑石'比'Moissanite'硬吗? A: 否
90,Q: '滑石'比'碳化硅'硬吗? A: 否
91,Q: '滑石'比'钻石'硬吗? A: 否
92,Q: '皮肤'比'蜡烛蜡'硬吗? A: 是
93,Q: '皮肤'比'指甲'硬吗? A: 否
94,Q: '皮肤'比'冰'硬吗? A: 否
95,Q: '皮肤'比'铝'硬吗? A: 否
96,Q: '皮肤'比'金子'硬吗? A: 否
97,Q: '皮肤'比'银'硬吗? A: 否
98,Q: '皮肤'比'方解石'硬吗? A: 否
99,Q: '皮肤'比'铜'硬吗? A: 否
100,Q: '皮肤'比'牙'硬吗? A: 否
101,Q: '皮肤'比'珍珠'硬吗? A: 否
102,Q: '皮肤'比'壳'硬吗? A: 否
103,Q: '皮肤'比'萤石'硬吗? A: 否
104,Q: '皮肤'比'镍'硬吗? A: 否
105,Q: '皮肤'比'普通钢'硬吗? A: 否
106,Q: '皮肤'比'铂'硬吗? A: 否
107,Q: '皮肤'比'铁'硬吗? A: 否
108,Q: '皮肤'比'磷灰石'硬吗? A: 否
109,Q: '皮肤'比'黑曜石'硬吗? A: 否
110,Q: '皮肤'比'不锈钢'硬吗? A: 否
111,Q: '皮肤'比'骨岩'硬吗? A: 否
112,Q: '皮肤'比'坦桑石'硬吗? A: 否
113,Q: '皮肤'比'玻璃'硬吗? A: 否
114,Q: '皮肤'比'西尔康'硬吗? A: 否
115,Q: '皮肤'比'紫晶'硬吗? A: 否
116,Q: '皮肤'比'石英'硬吗? A: 否
117,Q: '皮肤'比'黄玉'硬吗? A: 否
118,Q: '皮肤'比'Moissanite'硬吗? A: 否
119,Q: '皮肤'比'碳化硅'硬吗? A: 否
120,Q: '皮肤'比'钻石'硬吗? A: 否
121,Q: '锡'比'蜡烛蜡'硬吗? A: 是
122,Q: '锡'比'指甲'硬吗? A: 否
123,Q: '锡'比'冰'硬吗? A: 否
124,Q: '锡'比'铝'硬吗? A: 否
125,Q: '锡'比'金色'硬吗? A: 否
126,Q: '锡'比'银'硬吗? A: 否
127,Q: '锡'比'方解石'硬吗? A: 否
128,Q: '锡'比'铜'硬吗? A: 否
129,Q: '锡'比'牙'硬吗? A: 否
130,Q: '锡'比'珍珠'硬吗? A: 否
131,Q: '锡'比'壳'硬吗? A: 否
132,Q: '锡'比'萤石'硬吗? A: 否
133,Q: '锡'比'镍'硬吗? A: 否
134,Q: '锡'比'普通钢'硬吗? A: 否
135,Q: '锡'比'铂'硬吗? A: 否
136,Q: '锡'比'铁'硬吗? A: 否
137,Q: '锡'比'磷灰石'硬吗? A: 否
138,Q: '锡'比'黑曜石'硬吗? A: 否
139,Q: '锡'比'不锈钢'硬吗? A: 否
140,Q: '锡'比'骨岩'硬吗? A: 否
141,Q: '锡'比'坦桑石'硬吗? A: 否
142,Q: '锡'比'玻璃'硬吗? A: 否
143,Q: '锡'比'西尔康'硬吗? A: 否
144,Q: '锡'比'紫晶'硬吗? A: 否
145,Q: '锡'比'石英'硬吗? A: 否
146,Q: '锡'比'黄玉'硬吗? A: 否
147,Q: '锡'比'Moissanite'硬吗? A: 否
148,Q: '锡'比'碳化硅'硬吗? A: 否
149,Q: '锡'比'钻石'硬吗? A: 否
150,Q: '钙'比'蜡烛蜡'硬吗? A: 是
151,Q: '钙'比'石墨'硬吗? A: 是
152,Q: '钙'比'滑石'硬吗? A: 是
153,Q: '钙'比'指甲'硬吗? A: 否
154,Q: '钙'比'冰'硬吗? A: 否
155,Q: '钙'比'铝'硬吗? A: 否
156,Q: '钙'比'金子'硬吗? A: 否
157,Q: '钙'比'银'硬吗? A: 否
158,Q: '钙'比'方解石'硬吗? A: 否
159,Q: '钙'比'铜'硬吗? A: 否
160,Q: '钙'比'牙'硬吗? A: 否
161,Q: '钙'比'珍珠'硬吗? A: 否
162,Q: '钙'比'壳'硬吗? A: 否
163,Q: '钙'比'萤石'硬吗? A: 否
164,Q: '钙'比'镍'硬吗? A: 否
165,Q: '钙'比'普通钢'硬吗? A: 否
166,Q: '钙'比'铂'硬吗? A: 否
167,Q: '钙'比'铁'硬吗? A: 否
168,Q: '钙'比'磷灰石'硬吗? A: 否
169,Q: '钙'比'黑曜石'硬吗? A: 否
170,Q: '钙'比'不锈钢'硬吗? A: 否
171,Q: '钙'比'骨岩'硬吗? A: 否
172,Q: '钙'比'坦桑石'硬吗? A: 否
173,Q: '钙'比'玻璃'硬吗? A: 否
174,Q: '钙'比'西尔康'硬吗? A: 否
175,Q: '钙'比'紫晶'硬吗? A: 否
176,Q: '钙'比'石英'硬吗? A: 否
177,Q: '钙'比'黄玉'硬吗? A: 否
178,Q: '钙'比'Moissanite'硬吗? A: 否
179,Q: '钙'比'碳化硅'硬吗? A: 否
180,Q: '钙'比'钻石'硬吗? A: 否
181,Q: '石膏'比'蜡烛蜡'硬吗? A: 是
182,Q: '石膏'比'石墨'硬吗? A: 是
183,Q: '石膏'比'滑石'硬吗? A: 是
184,Q: '石膏'比'铝'硬吗? A: 否
185,Q: '石膏'比'金子'硬吗? A: 否
186,Q: '石膏'比'银'硬吗? A: 否
187,Q: '石膏'比'方解石'硬吗? A: 否
188,Q: '石膏'比'铜'硬吗? A: 否
189,Q: '石膏'比'牙'硬吗? A: 否
190,Q: '石膏'比'珍珠'硬吗? A: 否
191,Q: '石膏'比'壳'硬吗? A: 否
192,Q: '石膏'比'萤石'硬吗? A: 否
193,Q: '石膏'比'镍'硬吗? A: 否
194,Q: '石膏'比'普通钢'硬吗? A: 否
195,Q: '石膏'比'铂'硬吗? A: 否
196,Q: '石膏'比'铁'硬吗? A: 否
197,Q: '石膏'比'磷灰石'硬吗? A: 否
198,Q: '石膏'比'黑曜石'硬吗? A: 否
199,Q: '石膏'比'不锈钢'硬吗? A: 否
200,Q: '石膏'比'骨岩'硬吗? A: 否
201,Q: '石膏'比'坦桑石'硬吗? A: 否
202,Q: '石膏'比'玻璃'硬吗? A: 否
203,Q: '石膏'比'西尔康'硬吗? A: 否
204,Q: '石膏'比'紫晶'硬吗? A: 否
205,Q: '石膏'比'石英'硬吗? A: 否
206,Q: '石膏'比'黄玉'硬吗? A: 否
207,Q: '石膏'比'Moissanite'硬吗? A: 否
208,Q: '石膏'比'碳化硅'硬吗? A: 否
209,Q: '石膏'比'钻石'硬吗? A: 否
210,Q: '指甲'比'蜡烛蜡'硬吗? A: 是
211,Q: '指甲'比'石墨'硬吗? A: 是
212,Q: '指甲'比'滑石'硬吗? A: 是
213,Q: '指甲'比'皮肤'硬吗? A: 是
214,Q: '指甲'比'锡'硬吗? A: 是
215,Q: '指甲'比'钙'硬吗? A: 是
216,Q: '指甲'比'壳'硬吗? A: 否
217,Q: '指甲'比'萤石'硬吗? A: 否
218,Q: '指甲'比'镍'硬吗? A: 否
219,Q: '指甲'比'普通钢'硬吗? A: 否
220,Q: '指甲'比'铂'硬吗? A: 否
221,Q: '指甲'比'铁'硬吗? A: 否
222,Q: '指甲'比'磷灰石'硬吗? A: 否
223,Q: '指甲'比'黑曜石'硬吗? A: 否
224,Q: '指甲'比'不锈钢'硬吗? A: 否
225,Q: '指甲'比'骨岩'硬吗? A: 否
226,Q: '指甲'比'坦桑石'硬吗? A: 否
227,Q: '指甲'比'玻璃'硬吗? A: 否
228,Q: '指甲'比'西尔康'硬吗? A: 否
229,Q: '指甲'比'紫晶'硬吗? A: 否
230,Q: '指甲'比'石英'硬吗? A: 否
231,Q: '指甲'比'黄玉'硬吗? A: 否
232,Q: '指甲'比'Moissanite'硬吗? A: 否
233,Q: '指甲'比'碳化硅'硬吗? A: 否
234,Q: '指甲'比'钻石'硬吗? A: 否
235,Q: '冰'比'蜡烛蜡'硬吗? A: 是
236,Q: '冰'比'石墨'硬吗? A: 是
237,Q: '冰'比'滑石'硬吗? A: 是
238,Q: '冰'比'皮肤'硬吗? A: 是
239,Q: '冰'比'锡'硬吗? A: 是
240,Q: '冰'比'钙'硬吗? A: 是
241,Q: '冰'比'壳'硬吗? A: 否
242,Q: '冰'比'萤石'硬吗? A: 否
243,Q: '冰'比'镍'硬吗? A: 否
244,Q: '冰'比'普通钢'硬吗? A: 否
245,Q: '冰'比'铂'硬吗? A: 否
246,Q: '冰'比'铁'硬吗? A: 否
247,Q: '冰'比'磷灰石'硬吗? A: 否
248,Q: '冰'比'黑曜石'硬吗? A: 否
249,Q: '冰'比'不锈钢'硬吗? A: 否
250,Q: '冰'比'骨岩'硬吗? A: 否
251,Q: '冰'比'坦桑石'硬吗? A: 否
252,Q: '冰'比'玻璃'硬吗? A: 否
253,Q: '冰'比'西尔康'硬吗? A: 否
254,Q: '冰'比'紫晶'硬吗? A: 否
255,Q: '冰'比'石英'硬吗? A: 否
256,Q: '冰'比'黄玉'硬吗? A: 否
257,Q: '冰'比'Moissanite'硬吗? A: 否
258,Q: '冰'比'碳化硅'硬吗? A: 否
259,Q: '冰'比'钻石'硬吗? A: 否
260,Q: '铝'比'蜡烛蜡'硬吗? A: 是
261,Q: '铝'比'石墨'硬吗? A: 是
262,Q: '铝'比'滑石'硬吗? A: 是
263,Q: '铝'比'皮肤'硬吗? A: 是
264,Q: '铝'比'锡'硬吗? A: 是
265,Q: '铝'比'钙'硬吗? A: 是
266,Q: '铝'比'石膏'硬吗? A: 是
267,Q: '铝'比'壳'硬吗? A: 否
268,Q: '铝'比'萤石'硬吗? A: 否
269,Q: '铝'比'镍'硬吗? A: 否
270,Q: '铝'比'普通钢'硬吗? A: 否
271,Q: '铝'比'铂'硬吗? A: 否
272,Q: '铝'比'铁'硬吗? A: 否
273,Q: '铝'比'磷灰石'硬吗? A: 否
274,Q: '铝'比'黑曜石'硬吗? A: 否
275,Q: '铝'比'不锈钢'硬吗? A: 否
276,Q: '铝'比'骨岩'硬吗? A: 否
277,Q: '铝'比'坦桑石'硬吗? A: 否
278,Q: '铝'比'玻璃'硬吗? A: 否
279,Q: '铝'比'西尔康'硬吗? A: 否
280,Q: '铝'比'紫晶'硬吗? A: 否
281,Q: '铝'比'石英'硬吗? A: 否
282,Q: '铝'比'黄玉'硬吗? A: 否
283,Q: '铝'比'Moissanite'硬吗? A: 否
284,Q: '铝'比'碳化硅'硬吗? A: 否
285,Q: '铝'比'钻石'硬吗? A: 否
286,Q: '金子'比'蜡烛蜡'硬吗? A: 是
287,Q: '金子'比'石墨'硬吗? A: 是
288,Q: '金子'比'滑石'硬吗? A: 是
289,Q: '金子'比'皮肤'硬吗? A: 是
290,Q: '金子'比'锡'硬吗? A: 是
291,Q: '金子'比'钙'硬吗? A: 是
292,Q: '金子'比'石膏'硬吗? A: 是
293,Q: '金子'比'壳'硬吗? A: 否
294,Q: '金子'比'萤石'硬吗? A: 否
295,Q: '金子'比'镍'硬吗? A: 否
296,Q: '金子'比'普通钢'硬吗? A: 否
297,Q: '金子'比'铂'硬吗? A: 否
298,Q: '金子'比'铁'硬吗? A: 否
299,Q: '金子'比'磷灰石'硬吗? A: 否
300,Q: '金子'比'黑曜石'硬吗? A: 否
301,Q: '金子'比'不锈钢'硬吗? A: 否
302,Q: '金子'比'骨岩'硬吗? A: 否
303,Q: '金子'比'坦桑石'硬吗? A: 否
304,Q: '金子'比'玻璃'硬吗? A: 否
305,Q: '金子'比'西尔康'硬吗? A: 否
306,Q: '金子'比'紫晶'硬吗? A: 否
307,Q: '金子'比'石英'硬吗? A: 否
308,Q: '金子'比'黄玉'硬吗? A: 否
309,Q: '金子'比'Moissanite'硬吗? A: 否
310,Q: '金子'比'碳化硅'硬吗? A: 否
311,Q: '金子'比'钻石'硬吗? A: 否
312,Q: '银'比'蜡烛蜡'硬吗? A: 是
313,Q: '银'比'石墨'硬吗? A: 是
314,Q: '银'比'滑石'硬吗? A: 是
315,Q: '银'比'皮肤'硬吗? A: 是
316,Q: '银'比'锡'硬吗? A: 是
317,Q: '银'比'钙'硬吗? A: 是
318,Q: '银'比'石膏'硬吗? A: 是
319,Q: '银'比'壳'硬吗? A: 否
320,Q: '银'比'萤石'硬吗? A: 否
321,Q: '银'比'镍'硬吗? A: 否
322,Q: '银'比'普通钢'硬吗? A: 否
323,Q: '银'比'铂'硬吗? A: 否
324,Q: '银'比'铁'硬吗? A: 否
325,Q: '银'比'磷灰石'硬吗? A: 否
326,Q: '银'比'黑曜石'硬吗? A: 否
327,Q: '银'比'不锈钢'硬吗? A: 否
328,Q: '银'比'骨岩'硬吗? A: 否
329,Q: '银'比'坦桑石'硬吗? A: 否
330,Q: '银'比'玻璃'硬吗? A: 否
331,Q: '银'比'西尔康'硬吗? A: 否
332,Q: '银'比'紫晶'硬吗? A: 否
333,Q: '银'比'石英'硬吗? A: 否
334,Q: '银'比'黄玉'硬吗? A: 否
335,Q: '银'比'Moissanite'硬吗? A: 否
336,Q: '银'比'碳化硅'硬吗? A: 否
337,Q: '银'比'钻石'硬吗? A: 否
338,Q: '方解石'比'蜡烛蜡'硬吗? A: 是
339,Q: '方解石'比'石墨'硬吗? A: 是
340,Q: '方解石'比'滑石'硬吗? A: 是
341,Q: '方解石'比'皮肤'硬吗? A: 是
342,Q: '方解石'比'锡'硬吗? A: 是
343,Q: '方解石'比'钙'硬吗? A: 是
344,Q: '方解石'比'石膏'硬吗? A: 是
345,Q: '方解石'比'萤石'硬吗? A: 否
346,Q: '方解石'比'镍'硬吗? A: 否
347,Q: '方解石'比'普通钢'硬吗? A: 否
348,Q: '方解石'比'铂'硬吗? A: 否
349,Q: '方解石'比'铁'硬吗? A: 否
350,Q: '方解石'比'磷灰石'硬吗? A: 否
351,Q: '方解石'比'黑曜石'硬吗? A: 否
352,Q: '方解石'比'不锈钢'硬吗? A: 否
353,Q: '方解石'比'骨岩'硬吗? A: 否
354,Q: '方解石'比'坦桑石'硬吗? A: 否
355,Q: '方解石'比'玻璃'硬吗? A: 否
356,Q: '方解石'比'西尔康'硬吗? A: 否
357,Q: '方解石'比'紫晶'硬吗? A: 否
358,Q: '方解石'比'石英'硬吗? A: 否
359,Q: '方解石'比'黄玉'硬吗? A: 否
360,Q: '方解石'比'Moissanite'硬吗? A: 否
361,Q: '方解石'比'碳化硅'硬吗? A: 否
362,Q: '方解石'比'钻石'硬吗? A: 否
363,Q: '铜'比'蜡烛蜡'硬吗? A: 是
364,Q: '铜'比'石墨'硬吗? A: 是
365,Q: '铜'比'滑石'硬吗? A: 是
366,Q: '铜'比'皮肤'硬吗? A: 是
367,Q: '铜'比'锡'硬吗? A: 是
368,Q: '铜'比'钙'硬吗? A: 是
369,Q: '铜'比'石膏'硬吗? A: 是
370,Q: '铜'比'萤石'硬吗? A: 否
371,Q: '铜'比'镍'硬吗? A: 否
372,Q: '铜'比'普通钢'硬吗? A: 否
373,Q: '铜'比'铂'硬吗? A: 否
374,Q: '铜'比'铁'硬吗? A: 否
375,Q: '铜'比'磷灰石'硬吗? A: 否
376,Q: '铜'比'黑曜石'硬吗? A: 否
377,Q: '铜'比'不锈钢'硬吗? A: 否
378,Q: '铜'比'骨岩'硬吗? A: 否
379,Q: '铜'比'坦桑石'硬吗? A: 否
380,Q: '铜'比'玻璃'硬吗? A: 否
381,Q: '铜'比'西尔康'硬吗? A: 否
382,Q: '铜'比'紫晶'硬吗? A: 否
383,Q: '铜'比'石英'硬吗? A: 否
384,Q: '铜'比'黄玉'硬吗? A: 否
385,Q: '铜'比'Moissanite'硬吗? A: 否
386,Q: '铜'比'碳化硅'硬吗? A: 否
387,Q: '铜'比'钻石'硬吗? A: 否
388,Q: '牙'比'蜡烛蜡'硬吗? A: 是
389,Q: '牙'比'石墨'硬吗? A: 是
390,Q: '牙'比'滑石'硬吗? A: 是
391,Q: '牙'比'皮肤'硬吗? A: 是
392,Q: '牙'比'锡'硬吗? A: 是
393,Q: '牙'比'钙'硬吗? A: 是
394,Q: '牙'比'石膏'硬吗? A: 是
395,Q: '牙'比'萤石'硬吗? A: 否
396,Q: '牙'比'镍'硬吗? A: 否
397,Q: '牙'比'普通钢'硬吗? A: 否
398,Q: '牙'比'铂'硬吗? A: 否
399,Q: '牙'比'铁'硬吗? A: 否
400,Q: '牙'比'磷灰石'硬吗? A: 否
401,Q: '牙'比'黑曜石'硬吗? A: 否
402,Q: '牙'比'不锈钢'硬吗? A: 否
403,Q: '牙'比'骨岩'硬吗? A: 否
404,Q: '牙'比'坦桑石'硬吗? A: 否
405,Q: '牙'比'玻璃'硬吗? A: 否
406,Q: '牙'比'西尔康'硬吗? A: 否
407,Q: '牙'比'紫晶'硬吗? A: 否
408,Q: '牙'比'石英'硬吗? A: 否
409,Q: '牙'比'黄玉'硬吗? A: 否
410,Q: '牙'比'Moissanite'硬吗? A: 否
411,Q: '牙'比'碳化硅'硬吗? A: 否
412,Q: '牙'比'钻石'硬吗? A: 否
413,Q: '珍珠'比'蜡烛蜡'硬吗? A: 是
414,Q: '珍珠'比'石墨'硬吗? A: 是
415,Q: '珍珠'比'滑石'硬吗? A: 是
416,Q: '珍珠'比'皮肤'硬吗? A: 是
417,Q: '珍珠'比'锡'硬吗? A: 是
418,Q: '珍珠'比'钙'硬吗? A: 是
419,Q: '珍珠'比'石膏'硬吗? A: 是
420,Q: '珍珠'比'萤石'硬吗? A: 否
421,Q: '珍珠'比'镍'硬吗? A: 否
422,Q: '珍珠'比'普通钢'硬吗? A: 否
423,Q: '珍珠'比'铂'硬吗? A: 否
424,Q: '珍珠'比'铁'硬吗? A: 否
425,Q: '珍珠'比'磷灰石'硬吗? A: 否
426,Q: '珍珠'比'黑曜石'硬吗? A: 否
427,Q: '珍珠'比'不锈钢'硬吗? A: 否
428,Q: '珍珠'比'骨岩'硬吗? A: 否
429,Q: '珍珠'比'坦桑石'硬吗? A: 否
430,Q: '珍珠'比'玻璃'硬吗? A: 否
431,Q: '珍珠'比'西尔康'硬吗? A: 否
432,Q: '珍珠'比'紫晶'硬吗? A: 否
433,Q: '珍珠'比'石英'硬吗? A: 否
434,Q: '珍珠'比'黄玉'硬吗? A: 否
435,Q: '珍珠'比'Moissanite'硬吗? A: 否
436,Q: '珍珠'比'碳化硅'硬吗? A: 否
437,Q: '珍珠'比'钻石'硬吗? A: 否
438,Q: '壳'比'蜡烛蜡'硬吗? A: 是
439,Q: '壳'比'石墨'硬吗? A: 是
440,Q: '壳'比'滑石'硬吗? A: 是
441,Q: '壳'比'皮肤'硬吗? A: 是
442,Q: '壳'比'锡'硬吗? A: 是
443,Q: '壳'比'钙'硬吗? A: 是
444,Q: '壳'比'石膏'硬吗? A: 是
445,Q: '壳'比'指甲'硬吗? A: 是
446,Q: '壳'比'冰'硬吗? A: 是
447,Q: '壳'比'铝'硬吗? A: 是
448,Q: '壳'比'金子'硬吗? A: 是
449,Q: '壳'比'银'硬吗? A: 是
450,Q: '壳'比'普通钢'硬吗? A: 否
451,Q: '壳'比'铂'硬吗? A: 否
452,Q: '壳'比'铁'硬吗? A: 否
453,Q: '壳'比'磷灰石'硬吗? A: 否
454,Q: '壳'比'黑曜石'硬吗? A: 否
455,Q: '壳'比'不锈钢'硬吗? A: 否
456,Q: '壳'比'骨岩'硬吗? A: 否
457,Q: '壳'比'坦桑石'硬吗? A: 否
458,Q: '壳'比'玻璃'硬吗? A: 否
459,Q: '壳'比'西尔康'硬吗? A: 否
460,Q: '壳'比'紫晶'硬吗? A: 否
461,Q: '壳'比'石英'硬吗? A: 否
462,Q: '壳'比'黄玉'硬吗? A: 否
463,Q: '壳'比'Moissanite'硬吗? A: 否
464,Q: '壳'比'碳化硅'硬吗? A: 否
465,Q: '壳'比'钻石'硬吗? A: 否
466,Q: '萤石'比'蜡烛蜡'硬吗? A: 是
467,Q: '萤石'比'石墨'硬吗? A: 是
468,Q: '萤石'比'滑石'硬吗? A: 是
469,Q: '萤石'比'皮肤'硬吗? A: 是
470,Q: '萤石'比'锡'硬吗? A: 是
471,Q: '萤石'比'钙'硬吗? A: 是
472,Q: '萤石'比'石膏'硬吗? A: 是
473,Q: '萤石'比'指甲'硬吗? A: 是
474,Q: '萤石'比'冰'硬吗? A: 是
475,Q: '萤石'比'铝'硬吗? A: 是
476,Q: '萤石'比'金子'硬吗? A: 是
477,Q: '萤石'比'银'硬吗? A: 是
478,Q: '萤石'比'方解石'硬吗? A: 是
479,Q: '萤石'比'铜'硬吗? A: 是
480,Q: '萤石'比'牙'硬吗? A: 是
481,Q: '萤石'比'珍珠'硬吗? A: 是
482,Q: '萤石'比'磷灰石'硬吗? A: 否
483,Q: '萤石'比'黑曜石'硬吗? A: 否
484,Q: '萤石'比'不锈钢'硬吗? A: 否
485,Q: '萤石'比'骨岩'硬吗? A: 否
486,Q: '萤石'比'坦桑石'硬吗? A: 否
487,Q: '萤石'比'玻璃'硬吗? A: 否
488,Q: '萤石'比'西尔康'硬吗? A: 否
489,Q: '萤石'比'紫晶'硬吗? A: 否
490,Q: '萤石'比'石英'硬吗? A: 否
491,Q: '萤石'比'黄玉'硬吗? A: 否
492,Q: '萤石'比'Moissanite'硬吗? A: 否
493,Q: '萤石'比'碳化硅'硬吗? A: 否
494,Q: '萤石'比'钻石'硬吗? A: 否
495,Q: '镍'比'蜡烛蜡'硬吗? A: 是
496,Q: '镍'比'石墨'硬吗? A: 是
497,Q: '镍'比'滑石'硬吗? A: 是
498,Q: '镍'比'皮肤'硬吗? A: 是
499,Q: '镍'比'锡'硬吗? A: 是
500,Q: '镍'比'钙'硬吗? A: 是
501,Q: '镍'比'石膏'硬吗? A: 是
502,Q: '镍'比'指甲'硬吗? A: 是
503,Q: '镍'比'冰'硬吗? A: 是
504,Q: '镍'比'铝'硬吗? A: 是
505,Q: '镍'比'金子'硬吗? A: 是
506,Q: '镍'比'银'硬吗? A: 是
507,Q: '镍'比'方解石'硬吗? A: 是
508,Q: '镍'比'铜'硬吗? A: 是
509,Q: '镍'比'牙'硬吗? A: 是
510,Q: '镍'比'珍珠'硬吗? A: 是
511,Q: '镍'比'磷灰石'硬吗? A: 否
512,Q: '镍'比'黑曜石'硬吗? A: 否
513,Q: '镍'比'不锈钢'硬吗? A: 否
514,Q: '镍'比'骨岩'硬吗? A: 否
515,Q: '镍'比'坦桑石'硬吗? A: 否
516,Q: '镍'比'玻璃'硬吗? A: 否
517,Q: '镍'比'西尔康'硬吗? A: 否
518,Q: '镍'比'紫晶'硬吗? A: 否
519,Q: '镍'比'石英'硬吗? A: 否
520,Q: '镍'比'黄玉'硬吗? A: 否
521,Q: '镍'比'Moissanite'硬吗? A: 否
522,Q: '镍'比'碳化硅'硬吗? A: 否
523,Q: '镍'比'钻石'硬吗? A: 否
524,Q: '普通钢'比'蜡烛蜡'硬吗? A: 是
525,Q: '普通钢'比'石墨'硬吗? A: 是
526,Q: '普通钢'比'滑石'硬吗? A: 是
527,Q: '普通钢'比'皮肤'硬吗? A: 是
528,Q: '普通钢'比'锡'硬吗? A: 是
529,Q: '普通钢'比'钙'硬吗? A: 是
530,Q: '普通钢'比'石膏'硬吗? A: 是
531,Q: '普通钢'比'指甲'硬吗? A: 是
532,Q: '普通钢'比'冰'硬吗? A: 是
533,Q: '普通钢件'比'铝'硬吗? A: 是
534,Q: '普通钢'比'金子'硬吗? A: 是
535,Q: '普通钢'比'银'硬吗? A: 是
536,Q: '普通钢'比'方解石'硬吗? A: 是
537,Q: '普通钢'比'铜'硬吗? A: 是
538,Q: '普通钢'比'牙'硬吗? A: 是
539,Q: '普通钢'比'珍珠'硬吗? A: 是
540,Q: '普通钢'比'壳'硬吗? A: 是
541,Q: '普通钢'比'磷灰石'硬吗? A: 否
542,Q: '普通钢'比'黑曜石'硬吗? A: 否
543,Q: '普通钢'比'不锈钢'硬吗? A: 否
544,Q: '普通钢'比'骨岩'硬吗? A: 否
545,Q: '普通钢'比'坦桑石'硬吗? A: 否
546,Q: '普通钢'比'玻璃'硬吗? A: 否
547,Q: '普通钢'比'西尔康'硬吗? A: 否
548,Q: '普通钢'比'紫晶'硬吗? A: 否
549,Q: '普通钢'比'石英'硬吗? A: 否
550,Q: '普通钢'比'黄玉'硬吗? A: 否
551,Q: '普通钢'比'Moissanite'硬吗? A: 否
552,Q: '普通钢'比'碳化硅'硬吗? A: 否
553,Q: '普通钢'比'钻石'硬吗? A: 否
554,Q: '铂'比'蜡烛蜡'硬吗? A: 是
555,Q: '铂'比'石墨'硬吗? A: 是
556,Q: '铂'比'滑石'硬吗? A: 是
557,Q: '铂'比'皮肤'硬吗? A: 是
558,Q: '铂'比'锡'硬吗? A: 是
559,Q: '铂'比'钙'硬吗? A: 是
560,Q: '铂'比'石膏'硬吗? A: 是
561,Q: '铂'比'指甲'硬吗? A: 是
562,Q: '铂'比'冰'硬吗? A: 是
563,Q: '铂'比'铝'硬吗? A: 是
564,Q: '铂'比'金子'硬吗? A: 是
565,Q: '铂'比'银'硬吗? A: 是
566,Q: '铂'比'方解石'硬吗? A: 是
567,Q: '铂'比'铜'硬吗? A: 是
568,Q: '铂'比'牙'硬吗? A: 是
569,Q: '铂'比'珍珠'硬吗? A: 是
570,Q: '铂'比'壳'硬吗? A: 是
571,Q: '铂'比'磷灰石'硬吗? A: 否
572,Q: '铂'比'黑曜石'硬吗? A: 否
573,Q: '铂'比'不锈钢'硬吗? A: 否
574,Q: '铂'比'骨岩'硬吗? A: 否
575,Q: '铂'比'坦桑石'硬吗? A: 否
576,Q: '铂'比'玻璃'硬吗? A: 否
577,Q: '铂'比'西尔康'硬吗? A: 否
578,Q: '铂'比'紫晶'硬吗? A: 否
579,Q: '铂'比'石英'硬吗? A: 否
580,Q: '铂'比'黄玉'硬吗? A: 否
581,Q: '铂'比'Moissanite'硬吗? A: 否
582,Q: '铂'比'碳化硅'硬吗? A: 否
583,Q: '铂'比'钻石'硬吗? A: 否
584,Q: '铁'比'蜡烛蜡'硬吗? A: 是
585,Q: '铁'比'石墨'硬吗? A: 是
586,Q: '铁'比'滑石'硬吗? A: 是
587,Q: '铁'比'皮肤'硬吗? A: 是
588,Q: '铁'比'锡'硬吗? A: 是
589,Q: '铁'比'钙'硬吗? A: 是
590,Q: '铁'比'石膏'硬吗? A: 是
591,Q: '铁'比'指甲'硬吗? A: 是
592,Q: '铁'比'冰'硬吗? A: 是
593,Q: '铁'比'铝'硬吗? A: 是
594,Q: '铁'比'金子'硬吗? A: 是
595,Q: '铁'比'银'硬吗? A: 是
596,Q: '铁'比'方解石'硬吗? A: 是
597,Q: '铁'比'铜'硬吗? A: 是
598,Q: '铁'比'牙'硬吗? A: 是
599,Q: '铁'比'珍珠'硬吗? A: 是
600,Q: '铁'比'壳'硬吗? A: 是
601,Q: '铁'比'黑曜石'硬吗? A: 否
602,Q: '铁'比'不锈钢'硬吗? A: 否
603,Q: '铁'比'骨岩'硬吗? A: 否
604,Q: '铁'比'坦桑石'硬吗? A: 否
605,Q: '铁'比'玻璃'硬吗? A: 否
606,Q: '铁'比'西尔康'硬吗? A: 否
607,Q: '铁'比'紫晶'硬吗? A: 否
608,Q: '铁'比'石英'硬吗? A: 否
609,Q: '铁'比'黄玉'硬吗? A: 否
610,Q: '铁'比'Moissanite'硬吗? A: 否
611,Q: '铁'比'碳化硅'硬吗? A: 否
612,Q: '铁'比'钻石'硬吗? A: 否
613,Q: '磷灰石'比'蜡烛蜡'硬吗? A: 是
614,Q: '磷灰石'比'石墨'硬吗? A: 是
615,Q: '磷灰石'比'滑石'硬吗? A: 是
616,Q: '磷灰石'比'皮肤'硬吗? A: 是
617,Q: '磷灰石'比'锡'硬吗? A: 是
618,Q: '磷灰石'比'钙'硬吗? A: 是
619,Q: '磷灰石'比'石膏'硬吗? A: 是
620,Q: '磷灰石'比'指甲'硬吗? A: 是
621,Q: '磷灰石'比'冰'硬吗? A: 是
622,Q: '磷灰石'比'铝'硬吗? A: 是
623,Q: '磷灰石'比'金子'硬吗? A: 是
624,Q: '磷灰石'比'银'硬吗? A: 是
625,Q: '磷灰石'比'方解石'硬吗? A: 是
626,Q: '磷灰石'比'铜'硬吗? A: 是
627,Q: '磷灰石'比'牙'硬吗? A: 是
628,Q: '磷灰石'比'珍珠'硬吗? A: 是
629,Q: '磷灰石'比'壳'硬吗? A: 是
630,Q: '磷灰石'比'萤石'硬吗? A: 是
631,Q: '磷灰石'比'镍'硬吗? A: 是
632,Q: '磷灰石'比'普通钢'硬吗? A: 是
633,Q: '磷灰石'比'铂'硬吗? A: 是
634,Q: '磷灰石'比'骨岩'硬吗? A: 否
635,Q: '磷灰石'比'坦桑石'硬吗? A: 否
636,Q: '磷灰石'比'玻璃'硬吗? A: 否
637,Q: '磷灰石'比'西尔康'硬吗? A: 否
638,Q: '磷灰石'比'紫晶'硬吗? A: 否
639,Q: '磷灰石'比'石英'硬吗? A: 否
640,Q: '磷灰石'比'黄玉'硬吗? A: 否
641,Q: '磷灰石'比'Moissanite'硬吗? A: 否
642,Q: '磷灰石'比'碳化硅'硬吗? A: 否
643,Q: '磷灰石'比'钻石'硬吗? A: 否
644,Q: '黑曜石'比'蜡烛蜡'硬吗? A: 是
645,Q: '黑曜石'比'石墨'硬吗? A: 是
646,Q: '黑曜石'比'滑石'硬吗? A: 是
647,Q: '黑曜石'比'皮肤'硬吗? A: 是
648,Q: '黑曜石'比'锡'硬吗? A: 是
649,Q: '黑曜石'比'钙'硬吗? A: 是
650,Q: '黑曜石'比'石膏'硬吗? A: 是
651,Q: '黑曜石'比'指甲'硬吗? A: 是
652,Q: '黑曜石'比'冰'硬吗? A: 是
653,Q: '黑曜石'比'铝'硬吗? A: 是
654,Q: '黑曜石'比'金子'硬吗? A: 是
655,Q: '黑曜石'比'银'硬吗? A: 是
656,Q: '黑曜石'比'方解石'硬吗? A: 是
657,Q: '黑曜石'比'铜'硬吗? A: 是
658,Q: '黑曜石'比'牙'硬吗? A: 是
659,Q: '黑曜石'比'珍珠'硬吗? A: 是
660,Q: '黑曜石'比'壳'硬吗? A: 是
661,Q: '黑曜石'比'萤石'硬吗? A: 是
662,Q: '黑曜'比'镍'硬吗? A: 是
663,Q: '黑曜石'比'普通钢'硬吗? A: 是
664,Q: '黑曜石'比'铂'硬吗? A: 是
665,Q: '黑曜石'比'铁'硬吗? A: 是
666,Q: '黑曜石'比'玻璃'硬吗? A: 否
667,Q: '黑曜石'比'西尔康'硬吗? A: 否
668,Q: '黑曜石'比'紫晶'硬吗? A: 否
669,Q: '黑曜石'比'石英'硬吗? A: 否
670,Q: '黑曜石'比'黄玉'硬吗? A: 否
671,Q: '黑曜石'比'Moissanite'硬吗? A: 否
672,Q: '黑曜石'比'碳化硅'硬吗? A: 否
673,Q: '黑曜石'比'钻石'硬吗? A: 否
674,Q: '不锈钢'比'蜡烛蜡'硬吗? A: 是
675,Q: '不锈钢'比'石墨'硬吗? A: 是
676,Q: '不锈钢'比'滑石'硬吗? A: 是
677,Q: '不锈钢'比'皮肤'硬吗? A: 是
678,Q: '不锈钢'比'锡'硬吗? A: 是
679,Q: '的要求'比'钙'硬吗? A: 是
680,Q: '不锈钢'比'石膏'硬吗? A: 是
681,Q: '不锈钢'比'指甲'硬吗? A: 是
682,Q: '不锈钢'比'冰'硬吗? A: 是
683,Q: '不锈钢'比'铝'硬吗? A: 是
684,Q: '不锈钢'比'金子'硬吗? A: 是
685,Q: '不锈钢'比'银'硬吗? A: 是
686,Q: '不锈钢'比'方解石'硬吗? A: 是
687,Q: '不锈钢'比'铜'硬吗? A: 是
688,Q: '不锈钢'比'牙'硬吗? A: 是
689,Q: '不锈钢'比'珍珠'硬吗? A: 是
690,Q: '不锈钢'比'壳'硬吗? A: 是
691,Q: '不锈钢'比'萤石'硬吗? A: 是
692,Q: '不锈钢'比'镍'硬吗? A: 是
693,Q: '不锈钢'比'普通钢'硬吗? A: 是
694,Q: '不锈钢'比'铂'硬吗? A: 是
695,Q: '不锈钢'比'铁'硬吗? A: 是
696,Q: '不锈钢'比'玻璃'硬吗? A: 否
697,Q: '不锈钢'比'西尔康'硬吗? A: 否
698,Q: '不锈钢'比'紫晶'硬吗? A: 否
699,Q: '不锈钢'比'石英'硬吗? A: 否
700,Q: '不锈钢'比'黄玉'硬吗? A: 否
701,Q: '不锈钢'比'Moissanite'硬吗? A: 否
702,Q: '不锈钢'比'碳化硅'硬吗? A: 否
703,Q: '不锈钢'比'钻石'硬吗? A: 否
704,Q: '骨岩'比'蜡烛蜡'硬吗? A: 是
705,Q: '骨岩'比'石墨'硬吗? A: 是
706,Q: '骨岩'比'滑石'硬吗? A: 是
707,Q: '骨岩'比'皮肤'硬吗? A: 是
708,Q: '骨岩'比'锡'硬吗? A: 是
709,Q: '骨岩'比'钙'硬吗? A: 是
710,Q: '骨岩'比'石膏'硬吗? A: 是
711,Q: '骨岩'比'指甲'硬吗? A: 是
712,Q: '骨岩'比'冰'硬吗? A: 是
713,Q: '骨岩'比'铝'硬吗? A: 是
714,Q: '骨岩'比'金子'硬吗? A: 是
715,Q: '骨岩'比'银'硬吗? A: 是
716,Q: '骨岩'比'方解石'硬吗? A: 是
717,Q: '骨岩'比'铜'硬吗? A: 是
718,Q: 'orthoclase'比'牙'硬吗? A: 是
719,Q: '骨岩'比'珍珠'硬吗? A: 是
720,Q: '骨岩'比'壳'硬吗? A: 是
721,Q: '骨岩'比'萤石'硬吗? A: 是
722,Q: '骨岩'比'镍'硬吗? A: 是
723,Q: '骨岩'比'普通钢'硬吗? A: 是
724,Q: '骨岩'比'白金'硬吗? A: 是
725,Q: '骨岩'比'铁'硬吗? A: 是
726,Q: '骨岩'比'磷灰石'硬吗? A: 是
727,Q: '骨岩'比'紫晶'硬吗? A: 否
728,Q: '骨岩'比'石英'硬吗? A: 否
729,Q: '骨岩'比'黄玉'硬吗? A: 否
730,Q: '骨岩'比'Moissanite'硬吗? A: 否
731,Q: '骨岩'比'碳化硅'硬吗? A: 否
732,Q: '骨岩'比'钻石'硬吗? A: 否
733,Q: '坦桑石'比'蜡烛蜡'硬吗? A: 是
734,Q: '坦桑石'比'石墨'硬吗? A: 是
735,Q: '坦桑石'比'滑石'硬吗? A: 是
736,Q: '坦桑石'比'皮肤'硬吗? A: 是
737,Q: '坦桑石'比'锡'硬吗? A: 是
738,Q: '坦桑石'比'钙'硬吗? A: 是
739,Q: '坦桑石'比'石膏'硬吗? A: 是
740,Q: '坦桑石'比'指甲'硬吗? A: 是
741,Q: '坦桑石'比'冰'硬吗? A: 是
742,Q: '坦桑石'比'铝'硬吗? A: 是
743,Q: '坦桑石'比'金子'硬吗? A: 是
744,Q: '坦桑石'比'银'硬吗? A: 是
745,Q: '坦桑石'比'方解石'硬吗? A: 是
746,Q: '坦桑石'比'铜'硬吗? A: 是
747,Q: '坦桑石'比'牙'硬吗? A: 是
748,Q: '坦桑石'比'珍珠'硬吗? A: 是
749,Q: '坦桑石'比'打'硬吗? A: 是
750,Q: '坦桑石'比'萤石'硬吗? A: 是
751,Q: '坦桑石'比'镍'硬吗? A: 是
752,Q: '坦桑石'比'普通钢'硬吗? A: 是
753,Q: '坦桑石'比'铂'硬吗? A: 是
754,Q: '坦桑石'比'铁'硬吗? A: 是
755,Q: '坦桑石'比'磷灰石'硬吗? A: 是
756,Q: '坦桑石'比'紫晶'硬吗? A: 否
757,Q: '坦桑石'比'石英'硬吗? A: 否
758,Q: '坦桑石'比'黄玉'硬吗? A: 否
759,Q: '坦桑石'比'Moissanite'硬吗? A: 否
760,Q: '坦桑石'比'碳化硅'硬吗? A: 否
761,Q: '坦桑石'比'钻石'硬吗? A: 否
762,Q: '玻璃'比'蜡烛蜡'硬吗? A: 是
763,Q: '玻璃'比'石墨'硬吗? A: 是
764,Q: '玻璃'比'滑石'硬吗? A: 是
765,Q: '玻璃'比'皮肤'硬吗? A: 是
766,Q: '玻璃'比'锡'硬吗? A: 是
767,Q: '玻璃'比'钙'硬吗? A: 是
768,Q: '玻璃'比'石膏'硬吗? A: 是
769,Q: '玻璃'比'指甲'硬吗? A: 是
770,Q: '玻璃'比'冰'硬吗? A: 是
771,Q: '玻璃'比'铝'硬吗? A: 是
772,Q: '玻璃'比'金子'硬吗? A: 是
773,Q: '玻璃'比'银'硬吗? A: 是
774,Q: '玻璃'比'方解石'硬吗? A: 是
775,Q: '玻璃'比'铜'硬吗? A: 是
776,Q: '玻璃'比'牙'硬吗? A: 是
777,Q: '玻璃'比'珍珠'硬吗? A: 是
778,Q: '玻璃'比'壳'硬吗? A: 是
779,Q: '玻璃'比'萤石'硬吗? A: 是
780,Q: '玻璃'比'镍'硬吗? A: 是
781,Q: '玻璃'比'普通钢'硬吗? A: 是
782,Q: '玻璃'比'铂'硬吗? A: 是
783,Q: '玻璃'比'铁'硬吗? A: 是
784,Q: '玻璃'比'磷灰石'硬吗? A: 是
785,Q: '玻璃'比'黑曜石'硬吗? A: 是
786,Q: '玻璃'比'不锈钢'硬吗? A: 是
787,Q: '玻璃'比'黄玉'硬吗? A: 否
788,Q: '玻璃'比'Moissanite'硬吗? A: 否
789,Q: '玻璃'比'碳化硅'硬吗? A: 否
790,Q: '玻璃'比'钻石'硬吗? A: 否
791,Q: '西尔康'比'蜡烛蜡'硬吗? A: 是
792,Q: '西尔康'比'石墨'硬吗? A: 是
793,Q: '西尔康'比'滑石'硬吗? A: 是
794,Q: '西尔康'比'皮肤'硬吗? A: 是
795,Q: '西尔康'比'锡'硬吗? A: 是
796,Q: '西尔康'比'钙'硬吗? A: 是
797,Q: '西尔康'比'石膏'硬吗? A: 是
798,Q: '西尔康'比'指甲'硬吗? A: 是
799,Q: '西尔康'比'冰'硬吗? A: 是
800,Q: '西尔康'比'铝'硬吗? A: 是
801,Q: '西尔康'比'金子'硬吗? A: 是
802,Q: '西尔康'比'银'硬吗? A: 是
803,Q: '西尔康'比'方解石'硬吗? A: 是
804,Q: '西尔康'比'铜'硬吗? A: 是
805,Q: '西尔康'比'牙'硬吗? A: 是
806,Q: '西尔康'比'珍珠'硬吗? A: 是
807,Q: '西尔康'比'壳'硬吗? A: 是
808,Q: '西尔康'比'萤石'硬吗? A: 是
809,Q: '西尔康'比'镍'硬吗? A: 是
810,Q: '西尔康'比'普通钢'硬吗? A: 是
811,Q: '西尔康'比'铂'硬吗? A: 是
812,Q: '西尔康'比'铁'硬吗? A: 是
813,Q: '西尔康'比'磷灰石'硬吗? A: 是
814,Q: '西尔康'比'黑曜石'硬吗? A: 是
815,Q: '西尔康'比'不锈钢'硬吗? A: 是
816,Q: '西尔康'比'黄玉'硬吗? A: 否
817,Q: '西尔康'比'Moissanite'硬吗? A: 否
818,Q: '西尔康'比'碳化硅'硬吗? A: 否
819,Q: '西尔康'比'钻石'硬吗? A: 否
820,Q: '紫晶'比'蜡烛蜡'硬吗? A: 是
821,Q: '紫晶'比'石墨'硬吗? A: 是
822,Q: '紫晶'比'滑石'硬吗? A: 是
823,Q: '紫晶'比'皮肤'硬吗? A: 是
824,Q: '紫晶'比'锡'硬吗? A: 是
825,Q: '紫晶'比'钙'硬吗? A: 是
826,Q: '紫晶'比'石膏'硬吗? A: 是
827,Q: '紫晶'比'指甲'硬吗? A: 是
828,Q: '紫晶'比'冰'硬吗? A: 是
829,Q: '紫晶'比'铝'硬吗? A: 是
830,Q: '紫晶'比'金子'硬吗? A: 是
831,Q: '紫晶'比'银'硬吗? A: 是
832,Q: '紫晶'比'方解石'硬吗? A: 是
833,Q: '紫晶'比'铜'硬吗? A: 是
834,Q: '紫晶'比'牙'硬吗? A: 是
835,Q: '紫晶'比'珍珠'硬吗? A: 是
836,Q: '紫晶'比'壳'硬吗? A: 是
837,Q: '紫晶'比'萤石'硬吗? A: 是
838,Q: '紫晶'比'镍'硬吗? A: 是
839,Q: '紫晶'比'普通钢'硬吗? A: 是
840,Q: '紫晶'比'铂'硬吗? A: 是
841,Q: '紫晶'比'铁'硬吗? A: 是
842,Q: '紫晶'比'磷灰石'硬吗? A: 是
843,Q: '紫晶'比'黑曜石'硬吗? A: 是
844,Q: '紫晶'比'不锈钢'硬吗? A: 是
845,Q: '紫晶'比'骨岩'硬吗? A: 是
846,Q: '紫晶'比'坦桑石'硬吗? A: 是
847,Q: '紫晶'比'黄玉'硬吗? A: 否
848,Q: '紫晶'比'Moissanite'硬吗? A: 否
849,Q: '紫晶'比'碳化硅'硬吗? A: 否
850,Q: '紫晶'比'钻石'硬吗? A: 否
851,Q: '石英'比'蜡烛蜡'硬吗? A: 是
852,Q: '石英'比'石墨'硬吗? A: 是
853,Q: '石英'比'滑石'硬吗? A: 是
854,Q: '石英'比'皮肤'硬吗? A: 是
855,Q: '石英'比'锡'硬吗? A: 是
856,Q: '石英'比'钙'硬吗? A: 是
857,Q: '石英'比'石膏'硬吗? A: 是
858,Q: '石英'比'指甲'硬吗? A: 是
859,Q: '石英'比'冰'硬吗? A: 是
860,Q: '石英'比'铝'硬吗? A: 是
861,Q: '石英'比'金子'硬吗? A: 是
862,Q: '石英'比'银'硬吗? A: 是
863,Q: '石英'比'方解石'硬吗? A: 是
864,Q: '石英'比'铜'硬吗? A: 是
865,Q: '石英'比'牙'硬吗? A: 是
866,Q: '石英'比'珍珠'硬吗? A: 是
867,Q: '石英'比'壳'硬吗? A: 是
868,Q: '石英'比'萤石'硬吗? A: 是
869,Q: '石英'比'镍'硬吗? A: 是
870,Q: '石英'比'普通钢'硬吗? A: 是
871,Q: '石英'比'铂'硬吗? A: 是
872,Q: '石英'比'铁'硬吗? A: 是
873,Q: '石英'比'磷灰石'硬吗? A: 是
874,Q: '石英'比'黑曜石'硬吗? A: 是
875,Q: '石英'比'不锈钢'硬吗? A: 是
876,Q: '石英'比'骨岩'硬吗? A: 是
877,Q: '石英'比'坦桑石'硬吗? A: 是
878,Q: '石英'比'黄玉'硬吗? A: 否
879,Q: '石英'比'Moissanite'硬吗? A: 否
880,Q: '石英'比'碳化硅'硬吗? A: 否
881,Q: '石英'比'钻石'硬吗? A: 否
882,Q: '黄玉'比'蜡烛蜡'硬吗? A: 是
883,Q: '黄玉'比'石墨'硬吗? A: 是
884,Q: '黄玉'比'滑石'硬吗? A: 是
885,Q: '黄玉'比'皮肤'硬吗? A: 是
886,Q: '黄玉'比'锡'硬吗? A: 是
887,Q: '黄玉'比'钙'硬吗? A: 是
888,Q: '黄玉'比'石膏'硬吗? A: 是
889,Q: '黃玉'比'指甲'硬吗? A: 是
890,Q: '黄玉'比'冰'硬吗? A: 是
891,Q: '黄玉'比'铝'硬吗? A: 是
892,Q: '黄玉'比'金子'硬吗? A: 是
893,Q: '黄玉'比'银'硬吗? A: 是
894,Q: '黄玉'比'方解石'硬吗? A: 是
895,Q: '黄玉'比'铜'硬吗? A: 是
896,Q: '黄玉'比'牙'硬吗? A: 是
897,Q: '黄玉'比'珍珠'硬吗? A: 是
898,Q: '黄玉'比'壳'硬吗? A: 是
899,Q: '黄玉'比'萤石'硬吗? A: 是
900,Q: '黄玉'比'镍'硬吗? A: 是
901,Q: '黄玉'比'普通钢'硬吗? A: 是
902,Q: '黄玉'比'铂'硬吗? A: 是
903,Q: '黄玉'比'iron'硬吗? A: 是
904,Q: '黄玉'比'磷灰石'硬吗? A: 是
905,Q: '黄玉'比'黑曜石'硬吗? A: 是
906,Q: '黄玉'比'不锈钢'硬吗? A: 是
907,Q: '黄玉'比'骨岩'硬吗? A: 是
908,Q: '黄玉'比'坦桑石'硬吗? A: 是
909,Q: '黄玉'比'玻璃'硬吗? A: 是
910,Q: '黄玉'比'西尔康'硬吗? A: 是
911,Q: '黄玉'比'紫晶'硬吗? A: 是
912,Q: '黄玉'比'石英'硬吗? A: 是
913,Q: '黄玉'比'Moissanite'硬吗? A: 否
914,Q: '黄玉'比'碳化硅'硬吗? A: 否
915,Q: '黄玉'比'钻石'硬吗? A: 否
916,Q: 'Moissanite'比'蜡烛蜡'硬吗? A: 是
917,Q: 'Moissanite'比'石墨'硬吗? A: 是
918,Q: 'Moissanite'比'滑石'硬吗? A: 是
919,Q: 'Moissanite'比'皮肤'硬吗? A: 是
920,Q: 'Moissanite'比'锡'硬吗? A: 是
921,Q: 'Moissanite'比'钙'硬吗? A: 是
922,Q: 'Moissanite'比'石膏'硬吗? A: 是
923,Q: 'Moissanite'比'指甲'硬吗? A: 是
924,Q: 'Moissanite'比'冰'硬吗? A: 是
925,Q: 'Moissanite'比'铝'硬吗? A: 是
926,Q: 'Moissanite'比'金子'硬吗? A: 是
927,Q: 'Moissanite'比'银'硬吗? A: 是
928,Q: 'Moissanite'比'方解石'硬吗? A: 是
929,Q: 'Moissanite'比'铜'硬吗? A: 是
930,Q: 'Moissanite'比'牙'硬吗? A: 是
931,Q: 'Moissanite'比'珍珠'硬吗? A: 是
932,Q: 'Moissanite'比'壳'硬吗? A: 是
933,Q: 'Moissanite'比'萤石'硬吗? A: 是
934,Q: 'Moissanite'比'镍'硬吗? A: 是
935,Q: 'Moissanite'比'普通钢'硬吗? A: 是
936,Q: 'Moissanite'比'铂'硬吗? A: 是
937,Q: 'Moissanite'比'铁'硬吗? A: 是
938,Q: 'Moissanite'比'磷灰石'硬吗? A: 是
939,Q: 'Moissanite'比'黑曜石'硬吗? A: 是
940,Q: 'Moissanite'比'不锈钢'硬吗? A: 是
941,Q: 'Moissanite'比'骨岩'硬吗? A: 是
942,Q: '莫桑石'比'坦桑石'硬吗? A: 是
943,Q: 'Moissanite'比'玻璃'硬吗? A: 是
944,Q: 'Moissanite'比'西尔康'硬吗? A: 是
945,Q: 'Moissanite'比'紫晶'硬吗? A: 是
946,Q: 'Moissanite'比'石英'硬吗? A: 是
947,Q: 'Moissanite'比'黄玉'硬吗? A: 是
948,Q: 'Moissanite'比'钻石'硬吗? A: 否
949,Q: '碳化硅'比'蜡烛'硬吗? A: 是
950,Q: '碳化硅'比'石墨'硬吗? A: 是
951,Q: '碳化硅'比'滑石'硬吗? A: 是
952,Q: '碳化硅'比'皮肤'硬吗? A: 是
953,Q: '碳化硅'比'锡'硬吗? A: 是
954,Q: '碳化硅'比'钙'硬吗? A: 是
955,Q: '碳化硅'比'石膏'硬吗? A: 是
956,Q: '碳化硅'比'指甲'硬吗? A: 是
957,Q: '碳化硅'比'冰'硬吗? A: 是
958,Q: '碳化硅'比'铝'硬吗? A: 是
959,Q: '碳化硅'比'金子'硬吗? A: 是
960,Q: '碳化硅'比'银'硬吗? A: 是
961,Q: '碳化硅'比'方解石'硬吗? A: 是
962,Q: '碳化硅'比'铜'硬吗? A: 是
963,Q: '碳化硅'比'牙'硬吗? A: 是
964,Q: '碳化硅'比'珍珠'硬吗? A: 是
965,Q: '碳化硅'比'壳'硬吗? A: 是
966,Q: '碳化硅'比'萤石'硬吗? A: 是
967,Q: '碳化硅'比'镍'硬吗? A: 是
968,Q: '碳化硅'比'普通钢'硬吗? A: 是
969,Q: '碳化硅'比'铂'硬吗? A: 是
970,Q: '碳化硅'比'铁'硬吗? A: 是
971,Q: '碳化硅'比'磷灰石'硬吗? A: 是
972,Q: '碳化硅'比'黑曜石'硬吗? A: 是
973,Q: '碳化硅'比'不锈钢'硬吗? A: 是
974,Q: '碳化硅'比'骨岩'硬吗? A: 是
975,Q: '碳化硅'比'坦桑石'硬吗? A: 是
976,Q: '碳化硅'比'玻璃'硬吗? A: 是
977,Q: '碳化硅'比'西尔康'硬吗? A: 是
978,Q: '碳化硅'比'紫晶'硬吗? A: 是
979,Q: '碳化硅'比'石英'硬吗? A: 是
980,Q: '碳化硅'比'黄玉'硬吗? A: 是
981,Q: '碳化硅'比'钻石'硬吗? A: 否
982,Q: '钻石'比'蜡烛蜡'硬吗? A: 是
983,Q: '钻石'比'石墨'硬吗? A: 是
984,Q: '钻石'比'滑石'硬吗? A: 是
985,Q: '钻石'比'皮肤'硬吗? A: 是
986,Q: '钻石'比'锡'硬吗? A: 是
987,Q: '钻石'比'钙'硬吗? A: 是
988,Q: '钻石'比'石膏'硬吗? A: 是
989,Q: '钻石'比'指甲'硬吗? A: 是
990,Q: '钻石'比'冰'硬吗? A: 是
991,Q: '钻石'比'铝'硬吗? A: 是
992,Q: '钻石'比'金子'硬吗? A: 是
993,Q: '钻石'比'银'硬吗? A: 是
994,Q: '钻石'比'方解石'硬吗? A: 是
995,Q: '钻石'比'铜'硬吗? A: 是
996,Q: '钻石'比'牙'硬吗? A: 是
997,Q: '钻石'比'珍珠'硬吗? A: 是
998,Q: '钻石'比'壳'硬吗? A: 是
999,Q: '钻石'比'萤石'硬吗? A: 是
1000,Q: '钻石'比'镍'硬吗? A: 是
1001,Q: '钻石'比'普通钢'硬吗? A: 是
1002,Q: '钻石'比'铂'硬吗? A: 是
1003,Q: '钻石'比'铁'硬吗? A: 是
1004,Q: '钻石'比'磷灰石'硬吗? A: 是
1005,Q: '钻石'比'黑曜石'硬吗? A: 是
1006,Q: '钻石'比'不锈钢'硬吗? A: 是
1007,Q: '钻石'比'骨岩'硬吗? A: 是
1008,Q: '钻石'比'坦桑石'硬吗? A: 是
1009,Q: '钻石'比'玻璃'硬吗? A: 是
1010,Q: '钻石'比'西尔康'硬吗? A: 是
1011,Q: '钻石'比'紫晶'硬吗? A: 是
1012,Q: '钻石'比'石英'硬吗? A: 是
1013,Q: '钻石'比'黄玉'硬吗? A: 是
1014,Q: '钻石'比'Moissanite'硬吗? A: 是
1015,Q: '钻石'比'碳化硅'硬吗? A: 是
